"order_id";"order_year";"order_month";"order_revenue";"cumulative_revenue";"cumulative_percent";"abc_class"
10865;1998.0;2.0;17250;17250;"1%";A
11030;1998.0;4.0;16322;33572;"2%";A
10981;1998.0;3.0;15810;49382;"4%";A
10372;1996.0;12.0;12281;61663;"5%";A
10424;1997.0;1.0;11493;73156;"5%";A
10817;1998.0;1.0;11491;84647;"6%";A
10889;1998.0;2.0;11380;96027;"7%";A
10417;1997.0;1.0;11283;107310;"8%";A
10897;1998.0;2.0;10835;118145;"9%";A
10353;1996.0;11.0;10742;128887;"10%";A
10515;1997.0;4.0;10589;139476;"10%";A
10479;1997.0;3.0;10496;149971;"11%";A
10540;1997.0;5.0;10192;160163;"12%";A
10691;1997.0;10.0;10165;170328;"13%";A
11032;1998.0;4.0;8902;179230;"13%";A
10816;1998.0;1.0;8891;188121;"14%";A
10514;1997.0;4.0;8623;196745;"15%";A
10912;1998.0;2.0;8267;205012;"15%";A
10360;1996.0;11.0;7390;212402;"16%";A
10776;1997.0;12.0;6984;219387;"16%";A
11021;1998.0;4.0;6941;226328;"17%";A
11017;1998.0;4.0;6750;233078;"17%";A
10993;1998.0;4.0;6527;239605;"18%";A
10633;1997.0;8.0;6483;246088;"18%";A
10607;1997.0;7.0;6475;252564;"19%";A
10895;1998.0;2.0;6379;258943;"19%";A
10612;1997.0;7.0;6375;265318;"20%";A
10595;1997.0;7.0;6300;271618;"20%";A
10687;1997.0;9.0;6202;277820;"21%";A
10847;1998.0;1.0;6165;283985;"21%";A
10324;1996.0;10.0;6156;290141;"21%";A
10430;1997.0;1.0;5796;295937;"22%";A
10440;1997.0;2.0;5793;301730;"22%";A
10351;1996.0;11.0;5678;307408;"23%";A
10893;1998.0;2.0;5502;312910;"23%";A
10678;1997.0;9.0;5256;318166;"23%";A
11072;1998.0;5.0;5218;323384;"24%";A
10616;1997.0;7.0;5032;328416;"24%";A
10634;1997.0;8.0;4986;333402;"25%";A
10990;1998.0;4.0;4931;338333;"25%";A
11008;1998.0;4.0;4903;343236;"25%";A
10694;1997.0;10.0;4825;348061;"26%";A
10329;1996.0;10.0;4819;352881;"26%";A
10979;1998.0;3.0;4814;357694;"26%";A
10941;1998.0;3.0;4769;362463;"27%";A
10510;1997.0;4.0;4735;367199;"27%";A
11064;1998.0;5.0;4722;371921;"27%";A
10836;1998.0;1.0;4706;376626;"28%";A
10953;1998.0;3.0;4675;381301;"28%";A
10658;1997.0;9.0;4668;385969;"28%";A
10666;1997.0;9.0;4667;390636;"29%";A
10841;1998.0;1.0;4581;395217;"29%";A
10745;1997.0;11.0;4530;399747;"30%";A
10711;1997.0;10.0;4452;404199;"30%";A
10949;1998.0;3.0;4422;408621;"30%";A
10657;1997.0;9.0;4372;412992;"30%";A
10762;1997.0;12.0;4337;417329;"31%";A
10605;1997.0;7.0;4326;421655;"31%";A
10451;1997.0;2.0;4277;425933;"31%";A
10672;1997.0;9.0;4210;430143;"32%";A
10549;1997.0;5.0;4182;434325;"32%";A
10530;1997.0;5.0;4180;438505;"32%";A
10305;1996.0;9.0;4157;442662;"33%";A
10518;1997.0;4.0;4150;446812;"33%";A
10845;1998.0;1.0;4059;450871;"33%";A
10801;1997.0;12.0;4036;454907;"34%";A
10267;1996.0;7.0;4031;458938;"34%";A
10802;1997.0;12.0;3924;462861;"34%";A
10588;1997.0;7.0;3900;466761;"34%";A
10458;1997.0;2.0;3891;470652;"35%";A
10401;1997.0;1.0;3869;474521;"35%";A
10988;1998.0;3.0;3772;478293;"35%";A
11056;1998.0;4.0;3740;482033;"36%";A
10252;1996.0;7.0;3730;485763;"36%";A
10789;1997.0;12.0;3687;489450;"36%";A
10555;1997.0;6.0;3680;493131;"36%";A
11053;1998.0;4.0;3659;496789;"37%";A
10359;1996.0;11.0;3654;500444;"37%";A
10938;1998.0;3.0;3642;504086;"37%";A
10772;1997.0;12.0;3603;507689;"37%";A
10698;1997.0;10.0;3601;511290;"38%";A
11033;1998.0;4.0;3592;514882;"38%";A
10962;1998.0;3.0;3584;518466;"38%";A
10861;1998.0;1.0;3523;521990;"39%";A
10854;1998.0;1.0;3490;525480;"39%";A
10688;1997.0;10.0;3490;528970;"39%";A
10339;1996.0;10.0;3463;532433;"39%";A
10718;1997.0;10.0;3463;535896;"40%";A
10709;1997.0;10.0;3424;539320;"40%";A
10701;1997.0;10.0;3370;542690;"40%";A
10760;1997.0;12.0;3304;545994;"40%";A
10393;1996.0;12.0;3303;549296;"41%";A
10524;1997.0;5.0;3193;552489;"41%";A
10490;1997.0;3.0;3163;555652;"41%";A
10886;1998.0;2.0;3128;558780;"41%";A
10298;1996.0;9.0;3127;561907;"41%";A
10742;1997.0;11.0;3118;565025;"42%";A
10567;1997.0;6.0;3109;568134;"42%";A
10823;1998.0;1.0;3108;571241;"42%";A
11039;1998.0;4.0;3090;574331;"42%";A
10757;1997.0;11.0;3082;577413;"43%";A
10400;1997.0;1.0;3063;580476;"43%";A
10286;1996.0;8.0;3016;583492;"43%";A
10511;1997.0;4.0;3000;586492;"43%";A
10852;1998.0;1.0;2984;589476;"44%";A
11012;1998.0;4.0;2974;592450;"44%";A
10714;1997.0;10.0;2941;595391;"44%";A
10345;1996.0;11.0;2925;598316;"44%";A
10382;1996.0;12.0;2900;601216;"44%";A
10894;1998.0;2.0;2898;604114;"45%";A
10637;1997.0;8.0;2896;607010;"45%";A
10796;1997.0;12.0;2878;609888;"45%";A
10991;1998.0;4.0;2870;612758;"45%";A
10344;1996.0;11.0;2856;615614;"45%";A
10561;1997.0;6.0;2845;618459;"46%";A
10316;1996.0;9.0;2835;621294;"46%";A
10713;1997.0;10.0;2828;624122;"46%";A
10546;1997.0;5.0;2812;626934;"46%";A
10629;1997.0;8.0;2775;629709;"46%";A
10805;1997.0;12.0;2775;632484;"47%";A
10987;1998.0;3.0;2772;635256;"47%";A
11001;1998.0;4.0;2769;638025;"47%";A
10787;1997.0;12.0;2761;640786;"47%";A
10851;1998.0;1.0;2740;643526;"48%";A
10398;1996.0;12.0;2736;646262;"48%";A
10638;1997.0;8.0;2720;648982;"48%";A
10465;1997.0;3.0;2719;651701;"48%";A
10523;1997.0;5.0;2716;654417;"48%";A
10402;1997.0;1.0;2713;657130;"49%";A
10302;1996.0;9.0;2709;659839;"49%";A
10618;1997.0;8.0;2698;662536;"49%";A
10831;1998.0;1.0;2684;665221;"49%";A
10455;1997.0;2.0;2684;667905;"49%";A
10522;1997.0;4.0;2658;670563;"50%";A
11007;1998.0;4.0;2634;673196;"50%";A
10857;1998.0;1.0;2631;675827;"50%";A
10516;1997.0;4.0;2614;678442;"50%";A
10755;1997.0;11.0;2598;681040;"50%";A
10570;1997.0;6.0;2595;683635;"50%";A
10838;1998.0;1.0;2584;686219;"51%";A
10340;1996.0;10.0;2564;688784;"51%";A
10335;1996.0;10.0;2545;691329;"51%";A
10703;1997.0;10.0;2545;693874;"51%";A
10764;1997.0;12.0;2540;696414;"51%";A
10369;1996.0;12.0;2527;698941;"52%";A
10431;1997.0;1.0;2523;701464;"52%";A
10795;1997.0;12.0;2499;703963;"52%";A
10593;1997.0;7.0;2493;706456;"52%";A
10255;1996.0;7.0;2490;708947;"52%";A
10756;1997.0;11.0;2488;711434;"53%";A
10337;1996.0;10.0;2467;713901;"53%";A
10263;1996.0;7.0;2465;716366;"53%";A
10930;1998.0;3.0;2455;718821;"53%";A
10513;1997.0;4.0;2428;721249;"53%";A
10583;1997.0;6.0;2414;723663;"53%";A
11031;1998.0;4.0;2394;726056;"54%";A
10598;1997.0;7.0;2389;728445;"54%";A
11068;1998.0;5.0;2385;730829;"54%";A
10948;1998.0;3.0;2362;733192;"54%";A
10519;1997.0;4.0;2356;735548;"54%";A
10693;1997.0;10.0;2334;737882;"54%";A
10395;1996.0;12.0;2333;740215;"55%";A
10314;1996.0;9.0;2327;742542;"55%";A
10746;1997.0;11.0;2312;744854;"55%";A
10766;1997.0;12.0;2310;747164;"55%";A
10670;1997.0;9.0;2302;749465;"55%";A
10342;1996.0;10.0;2301;751766;"56%";A
10533;1997.0;5.0;2295;754061;"56%";A
10804;1997.0;12.0;2290;756352;"56%";A
10601;1997.0;7.0;2285;758637;"56%";A
10855;1998.0;1.0;2275;760912;"56%";A
10390;1996.0;12.0;2275;763187;"56%";A
10361;1996.0;11.0;2274;765461;"57%";A
10327;1996.0;10.0;2262;767723;"57%";A
10985;1998.0;3.0;2248;769972;"57%";A
10332;1996.0;10.0;2234;772205;"57%";A
10977;1998.0;3.0;2233;774438;"57%";A
10384;1996.0;12.0;2222;776661;"57%";A
10986;1998.0;3.0;2220;778881;"58%";A
10773;1997.0;12.0;2216;781097;"58%";A
10436;1997.0;2.0;2211;783308;"58%";A
10419;1997.0;1.0;2208;785516;"58%";A
10892;1998.0;2.0;2200;787716;"58%";A
10748;1997.0;11.0;2196;789912;"58%";A
10285;1996.0;8.0;2179;792091;"58%";A
10290;1996.0;8.0;2169;794260;"59%";A
10872;1998.0;2.0;2167;796427;"59%";A
10541;1997.0;5.0;2163;798589;"59%";A
11028;1998.0;4.0;2160;800749;"59%";A
10535;1997.0;5.0;2156;802906;"59%";A
10575;1997.0;6.0;2147;805053;"59%";A
10558;1997.0;6.0;2143;807196;"60%";A
10273;1996.0;8.0;2142;809339;"60%";A
10413;1997.0;1.0;2123;811462;"60%";A
10452;1997.0;2.0;2096;813558;"60%";A
10877;1998.0;2.0;2086;815644;"60%";A
10536;1997.0;5.0;2085;817729;"60%";A
10871;1998.0;2.0;2083;819812;"61%";A
10573;1997.0;6.0;2082;821894;"61%";A
10814;1998.0;1.0;2070;823964;"61%";A
10641;1997.0;8.0;2054;826018;"61%";A
10964;1998.0;3.0;2052;828071;"61%";A
10461;1997.0;2.0;2052;830122;"61%";A
10503;1997.0;4.0;2048;832171;"61%";A
10700;1997.0;10.0;2048;834219;"62%";A
10566;1997.0;6.0;2040;836259;"62%";A
10924;1998.0;3.0;2034;838293;"62%";A
10663;1997.0;9.0;2032;840325;"62%";A
10258;1996.0;7.0;2019;842344;"62%";A
10406;1997.0;1.0;2018;844362;"62%";A
10868;1998.0;2.0;2005;846367;"62%";A
10731;1997.0;11.0;1990;848357;"63%";A
10997;1998.0;4.0;1980;850337;"63%";A
10830;1998.0;1.0;1974;852311;"63%";A
11024;1998.0;4.0;1967;854277;"63%";A
10330;1996.0;10.0;1940;856217;"63%";A
10921;1998.0;3.0;1936;858153;"63%";A
10918;1998.0;3.0;1930;860083;"64%";A
10646;1997.0;8.0;1928;862011;"64%";A
10791;1997.0;12.0;1926;863938;"64%";A
10932;1998.0;3.0;1926;865863;"64%";A
10904;1998.0;2.0;1924;867787;"64%";A
10667;1997.0;9.0;1921;869708;"64%";A
10786;1997.0;12.0;1914;871622;"64%";A
10747;1997.0;11.0;1913;873535;"64%";A
10547;1997.0;5.0;1908;875443;"65%";A
10396;1996.0;12.0;1904;877347;"65%";A
10954;1998.0;3.0;1902;879249;"65%";A
11002;1998.0;4.0;1902;881151;"65%";A
10420;1997.0;1.0;1898;883048;"65%";A
10706;1997.0;10.0;1893;884941;"65%";A
10294;1996.0;8.0;1888;886829;"65%";A
11041;1998.0;4.0;1887;888716;"66%";A
10880;1998.0;2.0;1875;890591;"66%";A
11070;1998.0;5.0;1874;892465;"66%";A
10750;1997.0;11.0;1871;894336;"66%";A
10249;1996.0;7.0;1863;896199;"66%";A
10812;1998.0;1.0;1852;898051;"66%";A
10729;1997.0;11.0;1850;899901;"66%";A
10464;1997.0;3.0;1848;901749;"67%";A
10449;1997.0;2.0;1838;903587;"67%";A
11059;1998.0;4.0;1838;905425;"67%";A
10551;1997.0;5.0;1836;907261;"67%";A
10368;1996.0;11.0;1834;909096;"67%";A
10389;1996.0;12.0;1833;910928;"67%";A
10537;1997.0;5.0;1824;912752;"67%";A
10470;1997.0;3.0;1821;914573;"68%";A
10650;1997.0;8.0;1820;916393;"68%";A
10554;1997.0;5.0;1820;918213;"68%";A
10418;1997.0;1.0;1815;920028;"68%";A
10250;1996.0;7.0;1813;921841;"68%";A
10984;1998.0;3.0;1810;923650;"68%";A
10442;1997.0;2.0;1792;925442;"68%";A
10475;1997.0;3.0;1771;927213;"68%";A
10543;1997.0;5.0;1770;928983;"69%";A
10740;1997.0;11.0;1770;930753;"69%";A
10684;1997.0;9.0;1768;932521;"69%";A
10399;1996.0;12.0;1766;934287;"69%";A
10829;1998.0;1.0;1764;936051;"69%";A
10957;1998.0;3.0;1763;937813;"69%";A
10309;1996.0;9.0;1762;939575;"69%";A
10485;1997.0;3.0;1760;941335;"69%";A
10441;1997.0;2.0;1755;943090;"70%";A
11035;1998.0;4.0;1754;944845;"70%";A
10429;1997.0;1.0;1748;946593;"70%";A
10260;1996.0;7.0;1746;948340;"70%";A
10971;1998.0;3.0;1733;950073;"70%";A
10346;1996.0;11.0;1731;951804;"70%";A
11055;1998.0;4.0;1728;953531;"70%";A
10727;1997.0;11.0;1710;955241;"71%";A
10373;1996.0;12.0;1708;956949;"71%";A
10707;1997.0;10.0;1704;958653;"71%";A
10769;1997.0;12.0;1704;960357;"71%";A
10751;1997.0;11.0;1701;962059;"71%";A
10660;1997.0;9.0;1701;963760;"71%";A
11036;1998.0;4.0;1692;965452;"71%";A
10459;1997.0;2.0;1688;967140;"71%";A
10765;1997.0;12.0;1684;968824;"72%";A
10680;1997.0;9.0;1683;970506;"72%";A
10404;1997.0;1.0;1675;972181;"72%";A
10527;1997.0;5.0;1670;973851;"72%";A
11052;1998.0;4.0;1665;975516;"72%";A
10808;1998.0;1.0;1660;977176;"72%";A
10617;1997.0;7.0;1650;978826;"72%";A
10784;1997.0;12.0;1650;980476;"72%";A
10758;1997.0;11.0;1645;982121;"73%";A
10686;1997.0;9.0;1638;983759;"73%";A
10800;1997.0;12.0;1632;985391;"73%";A
10869;1998.0;2.0;1630;987021;"73%";A
10408;1997.0;1.0;1622;988644;"73%";A
10878;1998.0;2.0;1620;990264;"73%";A
10312;1996.0;9.0;1615;991879;"73%";A
10343;1996.0;10.0;1586;993465;"73%";A
10799;1997.0;12.0;1585;995050;"73%";A
10457;1997.0;2.0;1584;996634;"74%";A
11018;1998.0;4.0;1575;998209;"74%";A
10722;1997.0;10.0;1570;999779;"74%";A
10572;1997.0;6.0;1566;1001344;"74%";A
11046;1998.0;4.0;1564;1002908;"74%";A
10488;1997.0;3.0;1560;1004468;"74%";A
10362;1996.0;11.0;1550;1006018;"74%";A
10553;1997.0;5.0;1546;1007564;"74%";A
10645;1997.0;8.0;1535;1009099;"75%";A
10664;1997.0;9.0;1516;1010615;"75%";A
10834;1998.0;1.0;1508;1012123;"75%";A
10603;1997.0;7.0;1508;1013631;"75%";A
10626;1997.0;8.0;1504;1015135;"75%";A
10978;1998.0;3.0;1501;1016635;"75%";A
11023;1998.0;4.0;1500;1018135;"75%";A
10734;1997.0;11.0;1498;1019634;"75%";A
10325;1996.0;10.0;1497;1021131;"75%";A
10278;1996.0;8.0;1489;1022620;"76%";A
10768;1997.0;12.0;1477;1024097;"76%";A
10596;1997.0;7.0;1476;1025573;"76%";A
10481;1997.0;3.0;1472;1027045;"76%";A
10866;1998.0;2.0;1462;1028506;"76%";A
10733;1997.0;11.0;1459;1029965;"76%";A
10272;1996.0;8.0;1456;1031421;"76%";A
10284;1996.0;8.0;1452;1032873;"76%";A
10884;1998.0;2.0;1451;1034324;"76%";A
11063;1998.0;4.0;1445;1035769;"76%";A
10253;1996.0;7.0;1445;1037214;"77%";A
10783;1997.0;12.0;1442;1038657;"77%";A
10392;1996.0;12.0;1440;1040097;"77%";A
10859;1998.0;1.0;1438;1041535;"77%";A
10649;1997.0;8.0;1434;1042969;"77%";A
10623;1997.0;8.0;1430;1044399;"77%";A
10675;1997.0;9.0;1423;1045822;"77%";A
10644;1997.0;8.0;1422;1047244;"77%";A
10297;1996.0;9.0;1420;1048664;"77%";A
10380;1996.0;12.0;1420;1050083;"78%";A
10283;1996.0;8.0;1415;1051498;"78%";A
10606;1997.0;7.0;1413;1052911;"78%";A
10499;1997.0;4.0;1412;1054323;"78%";A
10968;1998.0;3.0;1408;1055731;"78%";A
10946;1998.0;3.0;1408;1057139;"78%";A
11022;1998.0;4.0;1402;1058541;"78%";A
10624;1997.0;8.0;1393;1059934;"78%";A
10504;1997.0;4.0;1388;1061323;"78%";A
10497;1997.0;4.0;1381;1062703;"78%";A
10635;1997.0;8.0;1380;1064083;"79%";A
10270;1996.0;8.0;1376;1065459;"79%";A
11077;1998.0;5.0;1375;1066834;"79%";A
10357;1996.0;11.0;1360;1068194;"79%";A
10989;1998.0;3.0;1354;1069548;"79%";A
10526;1997.0;5.0;1344;1070892;"79%";A
10779;1997.0;12.0;1335;1072227;"79%";A
10717;1997.0;10.0;1332;1073558;"79%";A
10471;1997.0;3.0;1328;1074886;"79%";A
10681;1997.0;9.0;1327;1076213;"79%";A
11045;1998.0;4.0;1310;1077523;"80%";A
10564;1997.0;6.0;1299;1078822;"80%";A
10728;1997.0;11.0;1297;1080119;"80%";A
10292;1996.0;8.0;1296;1081415;"80%";A
10715;1997.0;10.0;1296;1082711;"80%";A
10665;1997.0;9.0;1295;1084006;"80%";B
10659;1997.0;9.0;1292;1085297;"80%";B
11029;1998.0;4.0;1287;1086584;"80%";B
10388;1996.0;12.0;1274;1087858;"80%";B
10421;1997.0;1.0;1273;1089131;"80%";B
10486;1997.0;3.0;1272;1090403;"81%";B
10627;1997.0;8.0;1264;1091668;"81%";B
10999;1998.0;4.0;1261;1092929;"81%";B
10619;1997.0;8.0;1260;1094189;"81%";B
10560;1997.0;6.0;1257;1095446;"81%";B
10803;1997.0;12.0;1256;1096702;"81%";B
10966;1998.0;3.0;1256;1097957;"81%";B
10837;1998.0;1.0;1254;1099211;"81%";B
10474;1997.0;3.0;1249;1100460;"81%";B
10303;1996.0;9.0;1242;1101702;"81%";B
10712;1997.0;10.0;1238;1102941;"81%";B
10885;1998.0;2.0;1209;1104150;"82%";B
10411;1997.0;1.0;1208;1105358;"82%";B
10653;1997.0;9.0;1204;1106562;"82%";B
10277;1996.0;8.0;1201;1107763;"82%";B
10995;1998.0;4.0;1196;1108959;"82%";B
10407;1997.0;1.0;1194;1110153;"82%";B
10319;1996.0;10.0;1191;1111344;"82%";B
10265;1996.0;7.0;1176;1112520;"82%";B
10929;1998.0;3.0;1175;1113695;"82%";B
10370;1996.0;12.0;1174;1114869;"82%";B
11027;1998.0;4.0;1170;1116039;"82%";B
10328;1996.0;10.0;1168;1117207;"82%";B
10557;1997.0;6.0;1152;1118359;"83%";B
10690;1997.0;10.0;1150;1119509;"83%";B
10820;1998.0;1.0;1140;1121789;"83%";B
10590;1997.0;7.0;1140;1121789;"83%";B
10944;1998.0;3.0;1139;1122929;"83%";B
10781;1997.0;12.0;1132;1124061;"83%";B
10719;1997.0;10.0;1126;1125187;"83%";B
10469;1997.0;3.0;1125;1126312;"83%";B
10919;1998.0;3.0;1123;1127435;"83%";B
10961;1998.0;3.0;1122;1128557;"83%";B
10257;1996.0;7.0;1120;1129677;"83%";B
10846;1998.0;1.0;1112;1130789;"83%";B
10356;1996.0;11.0;1106;1131895;"84%";B
10268;1996.0;7.0;1101;1132996;"84%";B
11047;1998.0;4.0;1091;1134087;"84%";B
10643;1997.0;8.0;1086;1135173;"84%";B
10749;1997.0;11.0;1080;1136253;"84%";B
10439;1997.0;2.0;1078;1137331;"84%";B
11000;1998.0;4.0;1075;1138406;"84%";B
10697;1997.0;10.0;1074;1139480;"84%";B
10580;1997.0;6.0;1067;1140547;"84%";B
10608;1997.0;7.0;1064;1141611;"84%";B
10387;1996.0;12.0;1058;1142669;"84%";B
11076;1998.0;5.0;1057;1143726;"84%";B
10849;1998.0;1.0;1052;1144778;"85%";B
10472;1997.0;3.0;1051;1145830;"85%";B
10296;1996.0;9.0;1051;1146880;"85%";B
10444;1997.0;2.0;1032;1147912;"85%";B
10825;1998.0;1.0;1031;1148943;"85%";B
11026;1998.0;4.0;1030;1149973;"85%";B
10423;1997.0;1.0;1020;1150993;"85%";B
10377;1996.0;12.0;1016;1152009;"85%";B
10902;1998.0;2.0;1016;1153024;"85%";B
10982;1998.0;3.0;1014;1154038;"85%";B
10833;1998.0;1.0;1008;1155046;"85%";B
10403;1997.0;1.0;1006;1156052;"85%";B
10736;1997.0;11.0;997;1157049;"85%";B
10696;1997.0;10.0;996;1158045;"85%";B
10994;1998.0;4.0;990;1159035;"86%";B
10882;1998.0;2.0;988;1160023;"86%";B
10326;1996.0;10.0;982;1161005;"86%";B
10569;1997.0;6.0;978;1161983;"86%";B
10842;1998.0;1.0;975;1162958;"86%";B
10721;1997.0;10.0;973;1163930;"86%";B
10563;1997.0;6.0;965;1164895;"86%";B
11011;1998.0;4.0;960;1165855;"86%";B
10379;1996.0;12.0;959;1166815;"86%";B
10913;1998.0;2.0;959;1167773;"86%";B
10677;1997.0;9.0;957;1168730;"86%";B
10304;1996.0;9.0;954;1169685;"86%";B
10333;1996.0;10.0;954;1170639;"86%";B
10364;1996.0;11.0;950;1171589;"86%";B
10529;1997.0;5.0;946;1172535;"87%";B
10640;1997.0;8.0;945;1173480;"87%";B
10923;1998.0;3.0;936;1174416;"87%";B
10338;1996.0;10.0;935;1175350;"87%";B
10901;1998.0;2.0;934;1176285;"87%";B
10903;1998.0;2.0;932;1177217;"87%";B
10828;1998.0;1.0;932;1178149;"87%";B
10848;1998.0;1.0;932;1179080;"87%";B
11066;1998.0;5.0;929;1180009;"87%";B
10347;1996.0;11.0;928;1180937;"87%";B
10487;1997.0;3.0;925;1181862;"87%";B
10287;1996.0;8.0;924;1182786;"87%";B
10933;1998.0;3.0;921;1183707;"87%";B
10671;1997.0;9.0;920;1184627;"87%";B
10744;1997.0;11.0;920;1185547;"88%";B
10839;1998.0;1.0;919;1186466;"88%";B
10630;1997.0;8.0;918;1187384;"88%";B
10876;1998.0;2.0;917;1188301;"88%";B
10447;1997.0;2.0;914;1189216;"88%";B
10494;1997.0;4.0;912;1190128;"88%";B
10976;1998.0;3.0;912;1191040;"88%";B
10967;1998.0;3.0;910;1191950;"88%";B
11050;1998.0;4.0;900;1192850;"88%";B
10383;1996.0;12.0;899;1193749;"88%";B
10492;1997.0;4.0;896;1194645;"88%";B
10507;1997.0;4.0;881;1195526;"88%";B
10552;1997.0;5.0;880;1196407;"88%";B
10692;1997.0;10.0;878;1197285;"88%";B
10774;1997.0;12.0;875;1198160;"88%";B
10642;1997.0;8.0;870;1199030;"89%";B
10385;1996.0;12.0;864;1199894;"89%";B
10890;1998.0;2.0;860;1200754;"89%";B
11058;1998.0;4.0;858;1202470;"89%";B
10911;1998.0;2.0;858;1202470;"89%";B
10811;1998.0;1.0;852;1203322;"89%";B
10433;1997.0;2.0;851;1204173;"89%";B
10835;1998.0;1.0;851;1205024;"89%";B
10790;1997.0;12.0;850;1205874;"89%";B
10293;1996.0;8.0;849;1206723;"89%";B
10965;1998.0;3.0;848;1207571;"89%";B
10525;1997.0;5.0;846;1208417;"89%";B
10397;1996.0;12.0;843;1209260;"89%";B
10827;1998.0;1.0;843;1210103;"89%";B
10576;1997.0;6.0;838;1210941;"89%";B
10931;1998.0;3.0;837;1211778;"89%";B
10556;1997.0;6.0;835;1212614;"90%";B
10367;1996.0;11.0;834;1213448;"90%";B
10818;1998.0;1.0;833;1214281;"90%";B
10502;1997.0;4.0;816;1215097;"90%";B
10591;1997.0;7.0;812;1215910;"90%";B
10611;1997.0;7.0;808;1216718;"90%";B
10587;1997.0;7.0;807;1217525;"90%";B
10410;1997.0;1.0;802;1218327;"90%";B
10685;1997.0;9.0;801;1219128;"90%";B
10597;1997.0;7.0;800;1219928;"90%";B
10927;1998.0;3.0;800;1220728;"90%";B
10983;1998.0;3.0;796;1221525;"90%";B
10532;1997.0;5.0;796;1222321;"90%";B
10958;1998.0;3.0;781;1223102;"90%";B
10788;1997.0;12.0;770;1223872;"90%";B
10574;1997.0;6.0;764;1224636;"90%";B
10621;1997.0;8.0;758;1225395;"90%";B
10480;1997.0;3.0;756;1226151;"91%";B
10301;1996.0;9.0;755;1226906;"91%";B
11038;1998.0;4.0;751;1227657;"91%";B
10896;1998.0;2.0;750;1228407;"91%";B
10939;1998.0;3.0;750;1229157;"91%";B
10550;1997.0;5.0;749;1229906;"91%";B
11020;1998.0;4.0;744;1230650;"91%";B
10922;1998.0;3.0;742;1231393;"91%";B
10850;1998.0;1.0;740;1232133;"91%";B
10844;1998.0;1.0;735;1232868;"91%";B
10826;1998.0;1.0;730;1233598;"91%";B
10875;1998.0;2.0;729;1234327;"91%";B
10264;1996.0;7.0;724;1235052;"91%";B
10416;1997.0;1.0;720;1235772;"91%";B
10780;1997.0;12.0;720;1236492;"91%";B
10468;1997.0;3.0;718;1237210;"91%";B
10975;1998.0;3.0;718;1237927;"91%";B
10350;1996.0;11.0;713;1238640;"91%";B
10463;1997.0;3.0;713;1239354;"92%";B
10565;1997.0;6.0;711;1240776;"92%";B
10943;1998.0;3.0;711;1240776;"92%";B
10716;1997.0;10.0;706;1241482;"92%";B
10483;1997.0;3.0;704;1242186;"92%";B
10661;1997.0;9.0;703;1242889;"92%";B
11009;1998.0;4.0;702;1243591;"92%";B
10935;1998.0;3.0;700;1244291;"92%";B
10908;1998.0;2.0;698;1244989;"92%";B
10668;1997.0;9.0;695;1245684;"92%";B
10916;1998.0;2.0;687;1246370;"92%";B
10998;1998.0;4.0;686;1247056;"92%";B
10821;1998.0;1.0;678;1247734;"92%";B
10956;1998.0;3.0;677;1248411;"92%";B
10493;1997.0;4.0;676;1249763;"92%";B
10269;1996.0;7.0;676;1249763;"92%";B
10477;1997.0;3.0;672;1250435;"92%";B
10656;1997.0;9.0;671;1251107;"92%";B
10251;1996.0;7.0;671;1251778;"92%";B
10909;1998.0;2.0;670;1252448;"92%";B
10654;1997.0;9.0;669;1253116;"93%";B
10679;1997.0;9.0;660;1254436;"93%";B
10856;1998.0;1.0;660;1254436;"93%";B
10456;1997.0;2.0;656;1255092;"93%";B
10726;1997.0;11.0;655;1255747;"93%";B
10427;1997.0;1.0;651;1256398;"93%";B
10858;1998.0;1.0;649;1257047;"93%";B
10813;1998.0;1.0;648;1257695;"93%";B
10571;1997.0;6.0;648;1258343;"93%";B
11010;1998.0;4.0;645;1258988;"93%";B
10937;1998.0;3.0;645;1259633;"93%";B
10695;1997.0;10.0;642;1260275;"93%";B
10724;1997.0;10.0;638;1260913;"93%";B
10647;1997.0;8.0;636;1261549;"93%";B
10435;1997.0;2.0;632;1262181;"93%";B
10689;1997.0;10.0;630;1262811;"93%";B
10636;1997.0;8.0;630;1264070;"93%";B
10761;1997.0;12.0;630;1264070;"93%";B
10254;1996.0;7.0;625;1264695;"93%";B
10853;1998.0;1.0;625;1265945;"93%";B
10584;1997.0;6.0;625;1265945;"93%";B
10262;1996.0;7.0;625;1266570;"94%";B
11015;1998.0;4.0;622;1267192;"94%";B
10632;1997.0;8.0;620;1267812;"94%";B
10512;1997.0;4.0;618;1268430;"94%";B
10763;1997.0;12.0;616;1269046;"94%";B
10280;1996.0;8.0;613;1269659;"94%";B
10879;1998.0;2.0;611;1270271;"94%";B
10300;1996.0;9.0;608;1270879;"94%";B
10888;1998.0;2.0;605;1272089;"94%";B
10622;1997.0;8.0;605;1272089;"94%";B
10735;1997.0;11.0;596;1272685;"94%";B
10704;1997.0;10.0;596;1273280;"94%";B
11044;1998.0;4.0;592;1273872;"94%";B
11005;1998.0;4.0;586;1275044;"94%";B
11075;1998.0;5.0;586;1275044;"94%";B
10862;1998.0;1.0;581;1275625;"94%";B
10498;1997.0;4.0;575;1276200;"94%";B
10806;1997.0;12.0;572;1276772;"94%";B
10936;1998.0;3.0;570;1277912;"94%";B
10669;1997.0;9.0;570;1277912;"94%";B
10577;1997.0;6.0;569;1278481;"94%";B
10832;1998.0;1.0;569;1279050;"94%";B
10354;1996.0;11.0;569;1279619;"94%";B
10438;1997.0;2.0;568;1280186;"95%";B
10594;1997.0;7.0;566;1280752;"95%";B
10942;1998.0;3.0;560;1281872;"95%";B
10996;1998.0;4.0;560;1281872;"95%";B
10925;1998.0;3.0;559;1282431;"95%";B
11034;1998.0;4.0;554;1282985;"95%";B
10291;1996.0;8.0;553;1283538;"95%";B
10500;1997.0;4.0;551;1284089;"95%";B
10720;1997.0;10.0;550;1284639;"95%";B
10559;1997.0;6.0;548;1285187;"95%";B
10592;1997.0;7.0;544;1285730;"95%";B
10562;1997.0;6.0;543;1286273;"95%";B
10915;1998.0;2.0;539;1286813;"95%";C
10274;1996.0;8.0;539;1287351;"95%";C
10443;1997.0;2.0;538;1287889;"95%";C
10914;1998.0;2.0;538;1288426;"95%";C
10676;1997.0;9.0;535;1288961;"95%";C
10450;1997.0;2.0;531;1289493;"95%";C
10651;1997.0;9.0;530;1290023;"95%";C
11048;1998.0;4.0;525;1290548;"95%";C
10860;1998.0;1.0;519;1291586;"95%";C
10863;1998.0;2.0;519;1291586;"95%";C
10256;1996.0;7.0;518;1292104;"95%";C
10534;1997.0;5.0;517;1292621;"95%";C
10315;1996.0;9.0;517;1293138;"95%";C
10320;1996.0;10.0;516;1293654;"96%";C
10926;1998.0;3.0;514;1294168;"96%";C
11061;1998.0;4.0;510;1295188;"96%";C
11071;1998.0;5.0;510;1295188;"96%";C
10730;1997.0;11.0;510;1295698;"96%";C
11062;1998.0;4.0;508;1296206;"96%";C
10489;1997.0;3.0;502;1296708;"96%";C
10934;1998.0;3.0;500;1297708;"96%";C
10639;1997.0;8.0;500;1297708;"96%";C
10306;1996.0;9.0;499;1298207;"96%";C
10478;1997.0;3.0;496;1298703;"96%";C
10542;1997.0;5.0;494;1299197;"96%";C
10599;1997.0;7.0;493;1299690;"96%";C
11016;1998.0;4.0;492;1300181;"96%";C
10952;1998.0;3.0;491;1300672;"96%";C
10432;1997.0;1.0;485;1301157;"96%";C
10951;1998.0;3.0;483;1301640;"96%";C
10355;1996.0;11.0;480;1302120;"96%";C
10425;1997.0;1.0;480;1302600;"96%";C
10600;1997.0;7.0;480;1303080;"96%";C
10625;1997.0;8.0;480;1303560;"96%";C
10289;1996.0;8.0;479;1304039;"96%";C
10819;1998.0;1.0;477;1304993;"96%";C
10578;1997.0;6.0;477;1304993;"96%";C
10723;1997.0;10.0;468;1305462;"96%";C
10279;1996.0;8.0;468;1305930;"96%";C
10614;1997.0;7.0;464;1306394;"96%";C
10506;1997.0;4.0;462;1306856;"96%";C
10374;1996.0;12.0;459;1307315;"97%";C
10453;1997.0;2.0;453;1307768;"97%";C
10910;1998.0;2.0;453;1308221;"97%";C
10358;1996.0;11.0;452;1308673;"97%";C
10628;1997.0;8.0;450;1309123;"97%";C
10261;1996.0;7.0;448;1309571;"97%";C
10363;1996.0;11.0;447;1310018;"97%";C
10798;1997.0;12.0;447;1310464;"97%";C
10448;1997.0;2.0;443;1310908;"97%";C
10394;1996.0;12.0;442;1311350;"97%";C
10248;1996.0;7.0;440;1311790;"97%";C
10974;1998.0;3.0;439;1312229;"97%";C
10906;1998.0;2.0;428;1312656;"97%";C
10307;1996.0;9.0;424;1313080;"97%";C
10609;1997.0;7.0;424;1313504;"97%";C
10797;1997.0;12.0;420;1314344;"97%";C
10376;1996.0;12.0;420;1314344;"97%";C
10276;1996.0;8.0;420;1314764;"97%";C
10544;1997.0;5.0;417;1315181;"97%";C
10454;1997.0;2.0;414;1315595;"97%";C
10673;1997.0;9.0;412;1316008;"97%";C
10341;1996.0;10.0;412;1316420;"97%";C
11042;1998.0;4.0;406;1316826;"97%";C
10365;1996.0;11.0;403;1317229;"97%";C
10405;1997.0;1.0;400;1317629;"97%";C
10792;1997.0;12.0;400;1318029;"97%";C
10610;1997.0;7.0;399;1318428;"97%";C
10528;1997.0;5.0;396;1318824;"97%";C
10348;1996.0;11.0;396;1319220;"97%";C
10794;1997.0;12.0;393;1319613;"97%";C
10437;1997.0;2.0;393;1320006;"97%";C
11006;1998.0;4.0;392;1320398;"97%";C
10920;1998.0;3.0;390;1320788;"98%";C
10891;1998.0;2.0;388;1321176;"98%";C
10785;1997.0;12.0;388;1321951;"98%";C
10581;1997.0;6.0;388;1321951;"98%";C
10484;1997.0;3.0;386;1322337;"98%";C
10648;1997.0;8.0;382;1322720;"98%";C
10705;1997.0;10.0;378;1323098;"98%";C
10682;1997.0;9.0;376;1323473;"98%";C
10412;1997.0;1.0;372;1323845;"98%";C
10917;1998.0;3.0;366;1324211;"98%";C
10266;1996.0;7.0;365;1324576;"98%";C
11013;1998.0;4.0;361;1324937;"98%";C
11069;1998.0;5.0;360;1326377;"98%";C
10940;1998.0;3.0;360;1326377;"98%";C
10732;1997.0;11.0;360;1326377;"98%";C
10905;1998.0;2.0;360;1326377;"98%";C
10434;1997.0;2.0;360;1326737;"98%";C
10613;1997.0;7.0;358;1327095;"98%";C
10539;1997.0;5.0;356;1327451;"98%";C
10517;1997.0;4.0;352;1327803;"98%";C
10299;1996.0;9.0;350;1328152;"98%";C
10771;1997.0;12.0;344;1328496;"98%";C
11049;1998.0;4.0;342;1328838;"98%";C
10426;1997.0;1.0;338;1329176;"98%";C
10375;1996.0;12.0;338;1329514;"98%";C
10873;1998.0;2.0;337;1329851;"98%";C
10310;1996.0;9.0;336;1330187;"98%";C
10743;1997.0;11.0;336;1330523;"98%";C
10652;1997.0;9.0;332;1330855;"98%";C
10702;1997.0;10.0;330;1331515;"98%";C
10582;1997.0;6.0;330;1331515;"98%";C
11003;1998.0;4.0;326;1331841;"98%";C
10759;1997.0;11.0;320;1332161;"98%";C
10409;1997.0;1.0;319;1332480;"98%";C
10579;1997.0;6.0;318;1332798;"98%";C
10336;1996.0;10.0;317;1333115;"98%";C
10770;1997.0;12.0;315;1333430;"98%";C
10980;1998.0;3.0;310;1334050;"98%";C
10874;1998.0;2.0;310;1334050;"98%";C
10275;1996.0;8.0;307;1334357;"99%";C
10491;1997.0;3.0;305;1334662;"99%";C
11054;1998.0;4.0;305;1334967;"99%";C
11073;1998.0;5.0;300;1335567;"99%";C
11025;1998.0;4.0;300;1335567;"99%";C
11004;1998.0;4.0;295;1335862;"99%";C
10973;1998.0;3.0;292;1336154;"99%";C
10317;1996.0;9.0;288;1336442;"99%";C
10725;1997.0;10.0;288;1336730;"99%";C
10741;1997.0;11.0;285;1337015;"99%";C
10864;1998.0;2.0;282;1337297;"99%";C
10970;1998.0;3.0;280;1337857;"99%";C
10777;1997.0;12.0;280;1337857;"99%";C
10495;1997.0;4.0;278;1338135;"99%";C
10960;1998.0;3.0;277;1338411;"99%";C
10548;1997.0;5.0;275;1338687;"99%";C
10446;1997.0;2.0;274;1338960;"99%";C
11014;1998.0;4.0;270;1339230;"99%";C
10311;1996.0;9.0;269;1339499;"99%";C
11060;1998.0;4.0;266;1339765;"99%";C
10840;1998.0;1.0;264;1340029;"99%";C
10604;1997.0;7.0;256;1340286;"99%";C
11065;1998.0;5.0;253;1340538;"99%";C
10752;1997.0;11.0;252;1340790;"99%";C
10972;1998.0;3.0;252;1341042;"99%";C
10824;1998.0;1.0;251;1341292;"99%";C
10945;1998.0;3.0;245;1341537;"99%";C
11074;1998.0;5.0;244;1341782;"99%";C
10318;1996.0;10.0;240;1342022;"99%";C
10739;1997.0;11.0;240;1342502;"99%";C
10508;1997.0;4.0;240;1342502;"99%";C
10822;1998.0;1.0;238;1342740;"99%";C
10467;1997.0;3.0;235;1342975;"99%";C
10460;1997.0;2.0;235;1343210;"99%";C
10414;1997.0;1.0;231;1343441;"99%";C
10473;1997.0;3.0;230;1343672;"99%";C
10775;1997.0;12.0;228;1343900;"99%";C
10521;1997.0;4.0;225;1344125;"99%";C
10947;1998.0;3.0;220;1344345;"99%";C
10466;1997.0;3.0;216;1344561;"99%";C
10843;1998.0;1.0;212;1344773;"99%";C
10545;1997.0;5.0;210;1345193;"99%";C
11043;1998.0;4.0;210;1345193;"99%";C
11040;1998.0;4.0;200;1345593;"99%";C
10496;1997.0;4.0;200;1345593;"99%";C
10520;1997.0;4.0;200;1345793;"99%";C
10655;1997.0;9.0;193;1345986;"99%";C
10428;1997.0;1.0;192;1346178;"99%";C
10793;1997.0;12.0;191;1346369;"99%";C
10810;1998.0;1.0;187;1346556;"99%";C
10476;1997.0;3.0;182;1346739;"99%";C
10313;1996.0;9.0;182;1346921;"99%";C
10708;1997.0;10.0;180;1347102;"99%";C
10445;1997.0;2.0;175;1347277;"99%";C
10386;1996.0;12.0;166;1347443;"99%";C
10323;1996.0;10.0;164;1347607;"99%";C
10870;1998.0;2.0;160;1347767;"100%";C
10462;1997.0;3.0;156;1347923;"100%";C
10282;1996.0;8.0;155;1348078;"100%";C
10959;1998.0;3.0;155;1348388;"100%";C
10568;1997.0;6.0;155;1348388;"100%";C
10352;1996.0;11.0;154;1348542;"100%";C
10881;1998.0;2.0;150;1348692;"100%";C
10501;1997.0;4.0;149;1348841;"100%";C
10505;1997.0;4.0;148;1348989;"100%";C
10482;1997.0;3.0;147;1349136;"100%";C
10334;1996.0;10.0;145;1349281;"100%";C
10899;1998.0;2.0;144;1349425;"100%";C
10321;1996.0;10.0;144;1349569;"100%";C
10585;1997.0;7.0;142;1349712;"100%";C
10349;1996.0;11.0;142;1349853;"100%";C
10809;1998.0;1.0;140;1349993;"100%";C
10538;1997.0;5.0;140;1350133;"100%";C
10737;1997.0;11.0;140;1350273;"100%";C
10928;1998.0;3.0;138;1350410;"100%";C
10509;1997.0;4.0;137;1350547;"100%";C
10366;1996.0;11.0;136;1350683;"100%";C
10662;1997.0;9.0;125;1350808;"100%";C
10295;1996.0;9.0;122;1350930;"100%";C
10615;1997.0;7.0;120;1351050;"100%";C
10699;1997.0;10.0;114;1351164;"100%";C
10381;1996.0;12.0;112;1351276;"100%";C
10322;1996.0;10.0;112;1351388;"100%";C
10950;1998.0;3.0;110;1351608;"100%";C
10531;1997.0;5.0;110;1351608;"100%";C
10907;1998.0;2.0;108;1351716;"100%";C
10969;1998.0;3.0;108;1351824;"100%";C
10378;1996.0;12.0;103;1351927;"100%";C
10415;1997.0;1.0;102;1352030;"100%";C
10259;1996.0;7.0;101;1352131;"100%";C
10867;1998.0;2.0;98;1352229;"100%";C
10778;1997.0;12.0;96;1352325;"100%";C
10710;1997.0;10.0;93;1352419;"100%";C
10955;1998.0;3.0;93;1352512;"100%";C
10371;1996.0;12.0;91;1352603;"100%";C
10288;1996.0;8.0;89;1352692;"100%";C
10308;1996.0;9.0;89;1352781;"100%";C
10331;1996.0;10.0;89;1352869;"100%";C
10753;1997.0;11.0;88;1352957;"100%";C
11067;1998.0;5.0;87;1353044;"100%";C
10281;1996.0;8.0;86;1353131;"100%";C
10391;1996.0;12.0;86;1353217;"100%";C
11019;1998.0;4.0;76;1353293;"100%";C
10589;1997.0;7.0;72;1353365;"100%";C
10887;1998.0;2.0;70;1353435;"100%";C
10992;1998.0;4.0;70;1353505;"100%";C
10963;1998.0;3.0;68;1353573;"100%";C
10602;1997.0;7.0;65;1353638;"100%";C
10683;1997.0;9.0;63;1353701;"100%";C
10631;1997.0;8.0;62;1353763;"100%";C
11037;1998.0;4.0;60;1353823;"100%";C
10620;1997.0;8.0;58;1353880;"100%";C
10754;1997.0;11.0;55;1353936;"100%";C
10738;1997.0;11.0;52;1353988;"100%";C
10422;1997.0;1.0;50;1354038;"100%";C
10271;1996.0;8.0;48;1354086;"100%";C
10900;1998.0;2.0;45;1354266;"100%";C
11051;1998.0;4.0;45;1354266;"100%";C
10674;1997.0;9.0;45;1354266;"100%";C
11057;1998.0;4.0;45;1354266;"100%";C
10815;1998.0;1.0;40;1354306;"100%";C
10883;1998.0;2.0;36;1354342;"100%";C
10898;1998.0;2.0;30;1354372;"100%";C
10586;1997.0;7.0;28;1354428;"100%";C
10767;1997.0;12.0;28;1354428;"100%";C
10807;1997.0;12.0;18;1354446;"100%";C
10782;1997.0;12.0;12;1354459;"100%";C
