"year";"month";"product_id";"product_name";"revenue";"abc_class";"stab_percent";"product_dinamic"
1996.0;8.0;1;Chai;907;A;"0%";Товар без спроса
1996.0;9.0;1;Chai;288;C;-68%;Одноразовый хит
1996.0;11.0;1;Chai;389;C;"35%";Одноразовый хит
1996.0;12.0;1;Chai;216;C;-44%;Одноразовый хит
1997.0;1.0;1;Chai;490;B;"127%";Одноразовый хит
1997.0;3.0;1;Chai;216;C;-56%;Одноразовый хит
1997.0;4.0;1;Chai;720;B;"233%";Одноразовый хит
1997.0;5.0;1;Chai;144;C;-80%;Одноразовый хит
1997.0;6.0;1;Chai;180;C;"25%";Волатильный товар
1997.0;7.0;1;Chai;522;B;"190%";Якорный товар
1997.0;8.0;1;Chai;720;B;"38%";Якорный товар
1997.0;10.0;1;Chai;1260;A;"75%";Волатильный товар
1997.0;11.0;1;Chai;1044;A;-17%;Одноразовый хит
1998.0;1.0;1;Chai;1512;A;"45%";Волатильный товар
1998.0;2.0;1;Chai;1620;A;"7%";Волатильный товар
1998.0;3.0;1;Chai;1458;A;-10%;Одноразовый хит
1998.0;4.0;1;Chai;1872;A;"28%";Одноразовый хит
1998.0;5.0;1;Chai;720;A;-62%;Одноразовый хит
1996.0;7.0;2;Chang;1596;A;"0%";Товар без спроса
1996.0;9.0;2;Chang;608;B;-62%;Одноразовый хит
1996.0;10.0;2;Chang;851;A;"40%";Одноразовый хит
1996.0;12.0;2;Chang;380;B;-55%;Одноразовый хит
1997.0;1.0;2;Chang;912;B;"140%";Одноразовый хит
1997.0;2.0;2;Chang;836;A;-8%;Одноразовый хит
1997.0;3.0;2;Chang;912;A;"9%";Товар без спроса
1997.0;4.0;2;Chang;228;C;-75%;Товар без спроса
1997.0;7.0;2;Chang;190;C;-17%;Одноразовый хит
1997.0;8.0;2;Chang;1900;A;"900%";Одноразовый хит
1997.0;10.0;2;Chang;722;B;-62%;Одноразовый хит
1997.0;11.0;2;Chang;285;C;-61%;Одноразовый хит
1997.0;12.0;2;Chang;1615;A;"467%";Одноразовый хит
1998.0;1.0;2;Chang;1178;A;-27%;Одноразовый хит
1998.0;2.0;2;Chang;1159;B;-2%;Товар без спроса
1998.0;3.0;2;Chang;190;C;-84%;Одноразовый хит
1998.0;4.0;2;Chang;3819;A;"1910%";Одноразовый хит
1998.0;5.0;2;Chang;1178;A;-69%;Одноразовый хит
1996.0;8.0;3;Aniseed Syrup;240;B;"0%";Волатильный товар
1997.0;1.0;3;Aniseed Syrup;400;B;"67%";Волатильный товар
1997.0;3.0;3;Aniseed Syrup;160;C;-60%;Одноразовый хит
1997.0;5.0;3;Aniseed Syrup;600;B;"275%";Одноразовый хит
1997.0;7.0;3;Aniseed Syrup;140;C;-77%;Одноразовый хит
1997.0;10.0;3;Aniseed Syrup;60;C;-57%;Одноразовый хит
1997.0;11.0;3;Aniseed Syrup;200;C;"233%";Волатильный товар
1997.0;12.0;3;Aniseed Syrup;200;C;"0%";Якорный товар
1998.0;1.0;3;Aniseed Syrup;790;B;"295%";Волатильный товар
1998.0;4.0;3;Aniseed Syrup;250;C;-68%;Одноразовый хит
1998.0;5.0;3;Aniseed Syrup;40;C;-84%;Товар без спроса
1996.0;9.0;4;Chef Anton's Cajun Seasoning;352;B;"0%";Волатильный товар
1996.0;10.0;4;Chef Anton's Cajun Seasoning;915;A;"160%";Волатильный товар
1996.0;11.0;4;Chef Anton's Cajun Seasoning;616;B;-33%;Одноразовый хит
1997.0;3.0;4;Chef Anton's Cajun Seasoning;282;B;-54%;Одноразовый хит
1997.0;4.0;4;Chef Anton's Cajun Seasoning;1100;A;"291%";Волатильный товар
1997.0;5.0;4;Chef Anton's Cajun Seasoning;2200;A;"100%";Волатильный товар
1997.0;7.0;4;Chef Anton's Cajun Seasoning;440;B;-80%;Одноразовый хит
1997.0;8.0;4;Chef Anton's Cajun Seasoning;770;A;"75%";Одноразовый хит
1997.0;9.0;4;Chef Anton's Cajun Seasoning;264;C;-66%;Одноразовый хит
1997.0;10.0;4;Chef Anton's Cajun Seasoning;132;C;-50%;Одноразовый хит
1997.0;11.0;4;Chef Anton's Cajun Seasoning;550;B;"317%";Одноразовый хит
1998.0;1.0;4;Chef Anton's Cajun Seasoning;462;C;-16%;Одноразовый хит
1998.0;2.0;4;Chef Anton's Cajun Seasoning;660;B;"43%";Одноразовый хит
1998.0;3.0;4;Chef Anton's Cajun Seasoning;110;C;-83%;Одноразовый хит
1998.0;4.0;4;Chef Anton's Cajun Seasoning;550;C;"400%";Одноразовый хит
1998.0;5.0;4;Chef Anton's Cajun Seasoning;22;C;-96%;Одноразовый хит
1996.0;7.0;5;Chef Anton's Gumbo Mix;1309;A;"0%";Товар без спроса
1996.0;8.0;5;Chef Anton's Gumbo Mix;340;B;-74%;Одноразовый хит
1996.0;12.0;5;Chef Anton's Gumbo Mix;544;B;"60%";Одноразовый хит
1997.0;8.0;5;Chef Anton's Gumbo Mix;320;B;-41%;Одноразовый хит
1997.0;10.0;5;Chef Anton's Gumbo Mix;85;C;-73%;Одноразовый хит
1998.0;1.0;5;Chef Anton's Gumbo Mix;641;B;"650%";Одноразовый хит
1998.0;3.0;5;Chef Anton's Gumbo Mix;427;C;-33%;Одноразовый хит
1998.0;4.0;5;Chef Anton's Gumbo Mix;2135;A;"400%";Одноразовый хит
1996.0;9.0;6;Grandma's Boysenberry Spread;600;B;"0%";Товар без спроса
1996.0;10.0;6;Grandma's Boysenberry Spread;120;C;-80%;Одноразовый хит
1997.0;8.0;6;Grandma's Boysenberry Spread;1750;A;"1358%";Одноразовый хит
1997.0;11.0;6;Grandma's Boysenberry Spread;750;A;-57%;Одноразовый хит
1998.0;1.0;6;Grandma's Boysenberry Spread;150;C;-80%;Одноразовый хит
1998.0;2.0;6;Grandma's Boysenberry Spread;1250;A;"733%";Волатильный товар
1998.0;3.0;6;Grandma's Boysenberry Spread;2200;A;"76%";Волатильный товар
1998.0;5.0;6;Grandma's Boysenberry Spread;525;A;-76%;Одноразовый хит
1996.0;7.0;7;Uncle Bob's Organic Dried Pears;360;B;"0%";Товар без спроса
1996.0;12.0;7;Uncle Bob's Organic Dried Pears;240;C;-33%;Одноразовый хит
1997.0;2.0;7;Uncle Bob's Organic Dried Pears;384;B;"60%";Волатильный товар
1997.0;3.0;7;Uncle Bob's Organic Dried Pears;720;A;"88%";Якорный товар
1997.0;4.0;7;Uncle Bob's Organic Dried Pears;1500;A;"108%";Волатильный товар
1997.0;5.0;7;Uncle Bob's Organic Dried Pears;300;C;-80%;Одноразовый хит
1997.0;7.0;7;Uncle Bob's Organic Dried Pears;1650;A;"450%";Одноразовый хит
1997.0;8.0;7;Uncle Bob's Organic Dried Pears;1050;A;-36%;Одноразовый хит
1997.0;10.0;7;Uncle Bob's Organic Dried Pears;2700;A;"157%";Одноразовый хит
1997.0;12.0;7;Uncle Bob's Organic Dried Pears;1140;A;-58%;Одноразовый хит
1998.0;1.0;7;Uncle Bob's Organic Dried Pears;750;B;-34%;Одноразовый хит
1998.0;2.0;7;Uncle Bob's Organic Dried Pears;960;B;"28%";Волатильный товар
1998.0;3.0;7;Uncle Bob's Organic Dried Pears;6510;A;"578%";Волатильный товар
1998.0;4.0;7;Uncle Bob's Organic Dried Pears;3720;A;-43%;Одноразовый хит
1998.0;5.0;7;Uncle Bob's Organic Dried Pears;480;A;-87%;Товар без спроса
1996.0;11.0;8;Northwoods Cranberry Sauce;4480;A;"0%";Товар без спроса
1997.0;4.0;8;Northwoods Cranberry Sauce;1360;A;-70%;Одноразовый хит
1997.0;10.0;8;Northwoods Cranberry Sauce;2000;A;"47%";Одноразовый хит
1997.0;12.0;8;Northwoods Cranberry Sauce;1200;A;-40%;Одноразовый хит
1998.0;1.0;8;Northwoods Cranberry Sauce;800;B;-33%;Одноразовый хит
1998.0;2.0;8;Northwoods Cranberry Sauce;1200;B;"50%";Волатильный товар
1998.0;3.0;8;Northwoods Cranberry Sauce;1440;A;"20%";Волатильный товар
1998.0;4.0;8;Northwoods Cranberry Sauce;1200;B;-17%;Одноразовый хит
1998.0;5.0;8;Northwoods Cranberry Sauce;80;C;-93%;Товар без спроса
1997.0;1.0;9;Mishi Kobe Niku;1552;A;"0%";Волатильный товар
1997.0;4.0;9;Mishi Kobe Niku;1552;A;"0%";Якорный товар
1997.0;9.0;9;Mishi Kobe Niku;4850;A;"212%";Волатильный товар
1997.0;10.0;9;Mishi Kobe Niku;582;B;-88%;Одноразовый хит
1998.0;1.0;9;Mishi Kobe Niku;291;C;-50%;Товар без спроса
1996.0;8.0;10;Ikura;967;A;"0%";Товар без спроса
1996.0;11.0;10;Ikura;744;B;-23%;Товар без спроса
1996.0;12.0;10;Ikura;397;B;-47%;Одноразовый хит
1997.0;2.0;10;Ikura;843;A;"112%";Одноразовый хит
1997.0;3.0;10;Ikura;496;B;-41%;Одноразовый хит
1997.0;4.0;10;Ikura;496;B;"0%";Товар без спроса
1997.0;5.0;10;Ikura;62;C;-88%;Одноразовый хит
1997.0;6.0;10;Ikura;155;C;"150%";Волатильный товар
1997.0;7.0;10;Ikura;2480;A;"1500%";Волатильный товар
1997.0;8.0;10;Ikura;558;B;-78%;Одноразовый хит
1997.0;9.0;10;Ikura;1426;A;"156%";Волатильный товар
1997.0;10.0;10;Ikura;2263;A;"59%";Волатильный товар
1997.0;12.0;10;Ikura;1612;A;-29%;Одноразовый хит
1998.0;1.0;10;Ikura;4061;A;"152%";Одноразовый хит
1998.0;2.0;10;Ikura;2480;A;-39%;Одноразовый хит
1998.0;3.0;10;Ikura;2325;A;-6%;Товар без спроса
1998.0;4.0;10;Ikura;744;B;-68%;Товар без спроса
1998.0;5.0;10;Ikura;31;C;-96%;Товар без спроса
1996.0;7.0;11;Queso Cabrales;168;C;"0%";Волатильный товар
1996.0;9.0;11;Queso Cabrales;202;C;"20%";Якорный товар
1996.0;10.0;11;Queso Cabrales;840;B;"317%";Волатильный товар
1996.0;11.0;11;Queso Cabrales;605;B;-28%;Одноразовый хит
1997.0;1.0;11;Queso Cabrales;504;B;-17%;Одноразовый хит
1997.0;2.0;11;Queso Cabrales;706;B;"40%";Одноразовый хит
1997.0;3.0;11;Queso Cabrales;504;B;-29%;Одноразовый хит
1997.0;5.0;11;Queso Cabrales;1953;A;"288%";Одноразовый хит
1997.0;6.0;11;Queso Cabrales;1050;A;-46%;Одноразовый хит
1997.0;7.0;11;Queso Cabrales;294;C;-72%;Товар без спроса
1997.0;8.0;11;Queso Cabrales;210;C;-29%;Одноразовый хит
1997.0;10.0;11;Queso Cabrales;315;C;"50%";Одноразовый хит
1997.0;11.0;11;Queso Cabrales;105;C;-67%;Одноразовый хит
1997.0;12.0;11;Queso Cabrales;1785;A;"1600%";Одноразовый хит
1998.0;1.0;11;Queso Cabrales;1260;A;-29%;Одноразовый хит
1998.0;2.0;11;Queso Cabrales;1890;A;"50%";Одноразовый хит
1998.0;3.0;11;Queso Cabrales;1092;B;-42%;Одноразовый хит
1998.0;4.0;11;Queso Cabrales;210;C;-81%;Товар без спроса
1998.0;5.0;11;Queso Cabrales;210;B;"0%";Товар без спроса
1996.0;7.0;12;Queso Manchego La Pastora;365;B;"0%";Волатильный товар
1997.0;2.0;12;Queso Manchego La Pastora;456;B;"25%";Якорный товар
1997.0;5.0;12;Queso Manchego La Pastora;1710;A;"275%";Волатильный товар
1997.0;8.0;12;Queso Manchego La Pastora;1368;A;-20%;Одноразовый хит
1997.0;9.0;12;Queso Manchego La Pastora;3800;A;"178%";Одноразовый хит
1997.0;10.0;12;Queso Manchego La Pastora;1520;A;-60%;Одноразовый хит
1998.0;3.0;12;Queso Manchego La Pastora;1900;A;"25%";Одноразовый хит
1998.0;4.0;12;Queso Manchego La Pastora;1672;A;-12%;Одноразовый хит
1998.0;5.0;12;Queso Manchego La Pastora;76;C;-95%;Товар без спроса
1996.0;8.0;13;Konbu;144;C;"0%";Товар без спроса
1996.0;10.0;13;Konbu;58;C;-60%;Одноразовый хит
1996.0;12.0;13;Konbu;230;C;"300%";Одноразовый хит
1997.0;1.0;13;Konbu;10;C;-96%;Одноразовый хит
1997.0;3.0;13;Konbu;5;C;-50%;Одноразовый хит
1997.0;4.0;13;Konbu;60;C;"1150%";Волатильный товар
1997.0;5.0;13;Konbu;108;C;"80%";Якорный товар
1997.0;7.0;13;Konbu;408;B;"278%";Волатильный товар
1997.0;8.0;13;Konbu;78;C;-81%;Одноразовый хит
1997.0;11.0;13;Konbu;60;C;-23%;Одноразовый хит
1997.0;12.0;13;Konbu;120;C;"100%";Волатильный товар
1998.0;1.0;13;Konbu;546;B;"355%";Волатильный товар
1998.0;2.0;13;Konbu;438;C;-20%;Одноразовый хит
1998.0;3.0;13;Konbu;1728;A;"295%";Одноразовый хит
1998.0;4.0;13;Konbu;1158;B;-33%;Одноразовый хит
1998.0;5.0;13;Konbu;84;C;-93%;Товар без спроса
1996.0;7.0;14;Tofu;167;C;"0%";Волатильный товар
1996.0;10.0;14;Tofu;353;B;"111%";Якорный товар
1996.0;12.0;14;Tofu;1060;A;"200%";Якорный товар
1997.0;1.0;14;Tofu;1246;A;"18%";Волатильный товар
1997.0;3.0;14;Tofu;223;C;-82%;Одноразовый хит
1997.0;4.0;14;Tofu;1628;A;"629%";Одноразовый хит
1997.0;6.0;14;Tofu;1302;A;-20%;Одноразовый хит
1997.0;8.0;14;Tofu;558;B;-57%;Одноразовый хит
1997.0;9.0;14;Tofu;767;B;"38%";Одноразовый хит
1997.0;11.0;14;Tofu;488;B;-36%;Одноразовый хит
1997.0;12.0;14;Tofu;349;C;-29%;Одноразовый хит
1998.0;5.0;14;Tofu;488;A;"40%";Одноразовый хит
1996.0;8.0;15;Genen Shouyu;248;B;"0%";Товар без спроса
1996.0;10.0;15;Genen Shouyu;62;C;-75%;Одноразовый хит
1997.0;4.0;15;Genen Shouyu;186;C;"200%";Одноразовый хит
1997.0;6.0;15;Genen Shouyu;155;C;-17%;Одноразовый хит
1997.0;7.0;15;Genen Shouyu;388;C;"150%";Волатильный товар
1997.0;9.0;15;Genen Shouyu;775;B;"100%";Волатильный товар
1996.0;7.0;16;Pavlova;1320;A;"0%";Товар без спроса
1996.0;8.0;16;Pavlova;556;A;-58%;Товар без спроса
1996.0;9.0;16;Pavlova;556;B;"0%";Товар без спроса
1996.0;10.0;16;Pavlova;292;B;-48%;Одноразовый хит
1996.0;11.0;16;Pavlova;778;B;"167%";Одноразовый хит
1997.0;1.0;16;Pavlova;292;C;-62%;Одноразовый хит
1997.0;2.0;16;Pavlova;1181;A;"305%";Одноразовый хит
1997.0;3.0;16;Pavlova;737;A;-38%;Одноразовый хит
1997.0;4.0;16;Pavlova;873;B;"18%";Волатильный товар
1997.0;5.0;16;Pavlova;1466;A;"68%";Волатильный товар
1997.0;6.0;16;Pavlova;209;C;-86%;Одноразовый хит
1997.0;7.0;16;Pavlova;524;B;"150%";Волатильный товар
1997.0;9.0;16;Pavlova;1623;A;"210%";Волатильный товар
1997.0;10.0;16;Pavlova;698;B;-57%;Одноразовый хит
1997.0;11.0;16;Pavlova;314;B;-55%;Одноразовый хит
1997.0;12.0;16;Pavlova;1483;A;"372%";Одноразовый хит
1998.0;1.0;16;Pavlova;873;B;-41%;Одноразовый хит
1998.0;2.0;16;Pavlova;1099;B;"26%";Волатильный товар
1998.0;3.0;16;Pavlova;3019;A;"175%";Волатильный товар
1998.0;5.0;16;Pavlova;855;A;-72%;Одноразовый хит
1996.0;7.0;17;Alice Mutton;936;A;"0%";Волатильный товар
1996.0;8.0;17;Alice Mutton;936;A;"0%";Якорный товар
1996.0;9.0;17;Alice Mutton;1248;A;"33%";Якорный товар
1996.0;10.0;17;Alice Mutton;3058;A;"145%";Волатильный товар
1996.0;11.0;17;Alice Mutton;1123;A;-63%;Одноразовый хит
1997.0;1.0;17;Alice Mutton;3026;A;"169%";Одноразовый хит
1997.0;2.0;17;Alice Mutton;312;B;-90%;Одноразовый хит
1997.0;5.0;17;Alice Mutton;2847;A;"812%";Одноразовый хит
1997.0;6.0;17;Alice Mutton;1326;A;-53%;Одноразовый хит
1997.0;7.0;17;Alice Mutton;3900;A;"194%";Одноразовый хит
1997.0;9.0;17;Alice Mutton;1170;A;-70%;Одноразовый хит
1997.0;10.0;17;Alice Mutton;2145;A;"83%";Одноразовый хит
1997.0;11.0;17;Alice Mutton;780;A;-64%;Одноразовый хит
1997.0;12.0;17;Alice Mutton;4212;A;"440%";Одноразовый хит
1998.0;1.0;17;Alice Mutton;1872;A;-56%;Одноразовый хит
1998.0;2.0;17;Alice Mutton;2067;A;"10%";Одноразовый хит
1998.0;3.0;17;Alice Mutton;1053;B;-49%;Одноразовый хит
1998.0;4.0;17;Alice Mutton;468;C;-56%;Одноразовый хит
1998.0;5.0;17;Alice Mutton;3003;A;"542%";Одноразовый хит
1996.0;8.0;18;Carnarvon Tigers;600;A;"0%";Волатильный товар
1996.0;9.0;18;Carnarvon Tigers;1250;A;"108%";Якорный товар
1996.0;10.0;18;Carnarvon Tigers;3000;A;"140%";Волатильный товар
1996.0;12.0;18;Carnarvon Tigers;450;B;-85%;Одноразовый хит
1997.0;3.0;18;Carnarvon Tigers;1500;A;"233%";Волатильный товар
1997.0;4.0;18;Carnarvon Tigers;1562;A;"4%";Волатильный товар
1997.0;6.0;18;Carnarvon Tigers;1125;A;-28%;Одноразовый хит
1997.0;7.0;18;Carnarvon Tigers;2500;A;"122%";Волатильный товар
1997.0;8.0;18;Carnarvon Tigers;5125;A;"105%";Волатильный товар
1997.0;10.0;18;Carnarvon Tigers;750;B;-85%;Одноразовый хит
1997.0;11.0;18;Carnarvon Tigers;2812;A;"275%";Одноразовый хит
1997.0;12.0;18;Carnarvon Tigers;1875;A;-33%;Одноразовый хит
1998.0;1.0;18;Carnarvon Tigers;3438;A;"83%";Одноразовый хит
1998.0;2.0;18;Carnarvon Tigers;1562;A;-55%;Одноразовый хит
1998.0;3.0;18;Carnarvon Tigers;1125;B;-28%;Одноразовый хит
1998.0;4.0;18;Carnarvon Tigers;3312;A;"194%";Одноразовый хит
1996.0;8.0;19;Teatime Chocolate Biscuits;139;C;"0%";Товар без спроса
1996.0;9.0;19;Teatime Chocolate Biscuits;110;C;-21%;Товар без спроса
1996.0;10.0;19;Teatime Chocolate Biscuits;73;C;-33%;Одноразовый хит
1996.0;11.0;19;Teatime Chocolate Biscuits;584;B;"700%";Одноразовый хит
1997.0;1.0;19;Teatime Chocolate Biscuits;307;C;-48%;Одноразовый хит
1997.0;2.0;19;Teatime Chocolate Biscuits;489;B;"60%";Одноразовый хит
1997.0;3.0;19;Teatime Chocolate Biscuits;190;C;-61%;Одноразовый хит
1997.0;5.0;19;Teatime Chocolate Biscuits;92;C;-52%;Одноразовый хит
1997.0;6.0;19;Teatime Chocolate Biscuits;322;B;"250%";Волатильный товар
1997.0;8.0;19;Teatime Chocolate Biscuits;460;B;"43%";Волатильный товар
1997.0;9.0;19;Teatime Chocolate Biscuits;451;B;-2%;Одноразовый хит
1997.0;10.0;19;Teatime Chocolate Biscuits;221;C;-51%;Одноразовый хит
1997.0;12.0;19;Teatime Chocolate Biscuits;681;B;"208%";Одноразовый хит
1998.0;1.0;19;Teatime Chocolate Biscuits;267;C;-61%;Одноразовый хит
1998.0;2.0;19;Teatime Chocolate Biscuits;340;C;"28%";Одноразовый хит
1998.0;3.0;19;Teatime Chocolate Biscuits;175;C;-49%;Одноразовый хит
1998.0;4.0;19;Teatime Chocolate Biscuits;782;B;"347%";Одноразовый хит
1998.0;5.0;19;Teatime Chocolate Biscuits;478;B;-39%;Одноразовый хит
1996.0;7.0;20;Sir Rodney's Marmalade;2592;A;"0%";Товар без спроса
1996.0;8.0;20;Sir Rodney's Marmalade;1685;A;-35%;Одноразовый хит
1996.0;12.0;20;Sir Rodney's Marmalade;2592;A;"54%";Волатильный товар
1997.0;4.0;20;Sir Rodney's Marmalade;3159;A;"22%";Волатильный товар
1997.0;5.0;20;Sir Rodney's Marmalade;1215;A;-62%;Одноразовый хит
1997.0;7.0;20;Sir Rodney's Marmalade;1701;A;"40%";Волатильный товар
1997.0;9.0;20;Sir Rodney's Marmalade;1701;A;"0%";Волатильный товар
1998.0;1.0;20;Sir Rodney's Marmalade;405;C;-76%;Одноразовый хит
1998.0;2.0;20;Sir Rodney's Marmalade;1620;A;"300%";Волатильный товар
1998.0;3.0;20;Sir Rodney's Marmalade;5670;A;"250%";Волатильный товар
1998.0;4.0;20;Sir Rodney's Marmalade;1215;B;-79%;Одноразовый хит
1998.0;5.0;20;Sir Rodney's Marmalade;81;C;-93%;Товар без спроса
1996.0;7.0;21;Sir Rodney's Scones;240;B;"0%";Товар без спроса
1996.0;10.0;21;Sir Rodney's Scones;80;C;-67%;Товар без спроса
1996.0;11.0;21;Sir Rodney's Scones;40;C;-50%;Одноразовый хит
1996.0;12.0;21;Sir Rodney's Scones;80;C;"100%";Волатильный товар
1997.0;1.0;21;Sir Rodney's Scones;736;B;"820%";Волатильный товар
1997.0;2.0;21;Sir Rodney's Scones;640;B;-13%;Одноразовый хит
1997.0;3.0;21;Sir Rodney's Scones;280;B;-56%;Одноразовый хит
1997.0;4.0;21;Sir Rodney's Scones;520;B;"86%";Одноразовый хит
1997.0;5.0;21;Sir Rodney's Scones;210;C;-60%;Одноразовый хит
1997.0;7.0;21;Sir Rodney's Scones;140;C;-33%;Одноразовый хит
1997.0;8.0;21;Sir Rodney's Scones;970;A;"593%";Одноразовый хит
1997.0;9.0;21;Sir Rodney's Scones;720;B;-26%;Одноразовый хит
1997.0;10.0;21;Sir Rodney's Scones;370;C;-49%;Одноразовый хит
1997.0;11.0;21;Sir Rodney's Scones;700;B;"89%";Одноразовый хит
1997.0;12.0;21;Sir Rodney's Scones;400;C;-43%;Одноразовый хит
1998.0;1.0;21;Sir Rodney's Scones;400;C;"0%";Волатильный товар
1998.0;2.0;21;Sir Rodney's Scones;600;B;"50%";Якорный товар
1998.0;3.0;21;Sir Rodney's Scones;1480;A;"147%";Волатильный товар
1998.0;4.0;21;Sir Rodney's Scones;1030;B;-30%;Одноразовый хит
1996.0;7.0;22;Gustaf's Knäckebröd;101;C;"0%";Волатильный товар
1997.0;2.0;22;Gustaf's Knäckebröd;202;C;"100%";Якорный товар
1997.0;5.0;22;Gustaf's Knäckebröd;504;B;"150%";Якорный товар
1997.0;7.0;22;Gustaf's Knäckebröd;1008;A;"100%";Якорный товар
1997.0;8.0;22;Gustaf's Knäckebröd;1995;A;"98%";Волатильный товар
1997.0;9.0;22;Gustaf's Knäckebröd;420;B;-79%;Одноразовый хит
1997.0;12.0;22;Gustaf's Knäckebröd;210;C;-50%;Одноразовый хит
1998.0;1.0;22;Gustaf's Knäckebröd;1827;A;"770%";Одноразовый хит
1998.0;3.0;22;Gustaf's Knäckebröd;441;C;-76%;Одноразовый хит
1998.0;4.0;22;Gustaf's Knäckebröd;525;C;"19%";Одноразовый хит
1996.0;10.0;23;Tunnbröd;288;C;"0%";Товар без спроса
1996.0;11.0;23;Tunnbröd;180;C;-38%;Одноразовый хит
1996.0;12.0;23;Tunnbröd;288;C;"60%";Волатильный товар
1997.0;1.0;23;Tunnbröd;432;B;"50%";Волатильный товар
1997.0;3.0;23;Tunnbröd;259;B;-40%;Одноразовый хит
1997.0;4.0;23;Tunnbröd;72;C;-72%;Одноразовый хит
1997.0;5.0;23;Tunnbröd;810;B;"1025%";Одноразовый хит
1997.0;8.0;23;Tunnbröd;90;C;-89%;Одноразовый хит
1997.0;9.0;23;Tunnbröd;333;C;"270%";Волатильный товар
1997.0;11.0;23;Tunnbröd;396;B;"19%";Якорный товар
1998.0;1.0;23;Tunnbröd;792;B;"100%";Волатильный товар
1998.0;2.0;23;Tunnbröd;720;B;-9%;Одноразовый хит
1998.0;3.0;23;Tunnbröd;72;C;-90%;Одноразовый хит
1998.0;4.0;23;Tunnbröd;90;C;"25%";Одноразовый хит
1998.0;5.0;23;Tunnbröd;18;C;-80%;Одноразовый хит
1996.0;7.0;24;Guaraná Fantástica;155;C;"0%";Товар без спроса
1996.0;8.0;24;Guaraná Fantástica;144;C;-7%;Одноразовый хит
1996.0;11.0;24;Guaraná Fantástica;162;C;"12%";Одноразовый хит
1996.0;12.0;24;Guaraná Fantástica;108;C;-33%;Одноразовый хит
1997.0;2.0;24;Guaraná Fantástica;72;C;-33%;Одноразовый хит
1997.0;3.0;24;Guaraná Fantástica;479;B;"565%";Одноразовый хит
1997.0;4.0;24;Guaraná Fantástica;166;C;-65%;Одноразовый хит
1997.0;5.0;24;Guaraná Fantástica;158;C;-5%;Одноразовый хит
1997.0;6.0;24;Guaraná Fantástica;194;C;"23%";Одноразовый хит
1997.0;7.0;24;Guaraná Fantástica;158;C;-19%;Одноразовый хит
1997.0;8.0;24;Guaraná Fantástica;104;C;-34%;Одноразовый хит
1997.0;10.0;24;Guaraná Fantástica;248;C;"139%";Одноразовый хит
1997.0;12.0;24;Guaraná Fantástica;180;C;-27%;Одноразовый хит
1998.0;1.0;24;Guaraná Fantástica;180;C;"0%";Волатильный товар
1998.0;2.0;24;Guaraná Fantástica;657;B;"265%";Якорный товар
1998.0;3.0;24;Guaraná Fantástica;900;B;"37%";Волатильный товар
1998.0;4.0;24;Guaraná Fantástica;630;B;-30%;Одноразовый хит
1998.0;5.0;24;Guaraná Fantástica;90;C;-86%;Товар без спроса
1996.0;10.0;25;NuNuCa Nuß-Nougat-Creme;45;C;"0%";Волатильный товар
1996.0;11.0;25;NuNuCa Nuß-Nougat-Creme;672;B;"1400%";Волатильный товар
1996.0;12.0;25;NuNuCa Nuß-Nougat-Creme;78;C;-88%;Одноразовый хит
1997.0;3.0;25;NuNuCa Nuß-Nougat-Creme;134;C;"71%";Волатильный товар
1997.0;4.0;25;NuNuCa Nuß-Nougat-Creme;924;B;"588%";Волатильный товар
1997.0;12.0;25;NuNuCa Nuß-Nougat-Creme;868;B;-6%;Одноразовый хит
1998.0;1.0;25;NuNuCa Nuß-Nougat-Creme;714;B;-18%;Товар без спроса
1998.0;2.0;25;NuNuCa Nuß-Nougat-Creme;70;C;-90%;Одноразовый хит
1998.0;3.0;25;NuNuCa Nuß-Nougat-Creme;336;C;"380%";Одноразовый хит
1998.0;4.0;25;NuNuCa Nuß-Nougat-Creme;210;C;-38%;Одноразовый хит
1996.0;10.0;26;Gumbär Gummibärchen;1843;A;"0%";Товар без спроса
1996.0;11.0;26;Gumbär Gummibärchen;398;C;-78%;Одноразовый хит
1996.0;12.0;26;Gumbär Gummibärchen;1743;A;"338%";Волатильный товар
1997.0;1.0;26;Gumbär Gummibärchen;1793;A;"3%";Волатильный товар
1997.0;2.0;26;Gumbär Gummibärchen;1270;A;-29%;Товар без спроса
1997.0;3.0;26;Gumbär Gummibärchen;747;A;-41%;Одноразовый хит
1997.0;5.0;26;Gumbär Gummibärchen;1249;A;"67%";Одноразовый хит
1997.0;7.0;26;Gumbär Gummibärchen;344;C;-72%;Одноразовый хит
1997.0;8.0;26;Gumbär Gummibärchen;1093;A;"218%";Волатильный товар
1997.0;9.0;26;Gumbär Gummibärchen;1405;A;"29%";Якорный товар
1997.0;10.0;26;Gumbär Gummibärchen;1405;A;"0%";Волатильный товар
1997.0;11.0;26;Gumbär Gummibärchen;999;A;-29%;Товар без спроса
1997.0;12.0;26;Gumbär Gummibärchen;656;B;-34%;Одноразовый хит
1998.0;1.0;26;Gumbär Gummibärchen;3279;A;"400%";Одноразовый хит
1998.0;2.0;26;Gumbär Gummibärchen;625;B;-81%;Одноразовый хит
1998.0;3.0;26;Gumbär Gummibärchen;156;C;-75%;Одноразовый хит
1998.0;4.0;26;Gumbär Gummibärchen;2530;A;"1520%";Одноразовый хит
1996.0;7.0;27;Schoggi Schokolade;877;A;"0%";Товар без спроса
1996.0;8.0;27;Schoggi Schokolade;526;A;-40%;Одноразовый хит
1997.0;2.0;27;Schoggi Schokolade;1755;A;"233%";Волатильный товар
1997.0;4.0;27;Schoggi Schokolade;5268;A;"200%";Волатильный товар
1997.0;7.0;27;Schoggi Schokolade;2195;A;-58%;Одноразовый хит
1997.0;12.0;27;Schoggi Schokolade;1756;A;-20%;Товар без спроса
1998.0;1.0;27;Schoggi Schokolade;439;C;-75%;Одноразовый хит
1998.0;3.0;27;Schoggi Schokolade;2415;A;"450%";Одноразовый хит
1996.0;8.0;28;Rössle Sauerkraut;728;A;"0%";Волатильный товар
1996.0;9.0;28;Rössle Sauerkraut;1165;A;"60%";Волатильный товар
1996.0;10.0;28;Rössle Sauerkraut;510;B;-56%;Одноразовый хит
1996.0;11.0;28;Rössle Sauerkraut;1565;A;"207%";Одноразовый хит
1996.0;12.0;28;Rössle Sauerkraut;946;A;-40%;Одноразовый хит
1997.0;1.0;28;Rössle Sauerkraut;1529;A;"62%";Волатильный товар
1997.0;2.0;28;Rössle Sauerkraut;2075;A;"36%";Волатильный товар
1997.0;3.0;28;Rössle Sauerkraut;655;A;-68%;Одноразовый хит
1997.0;4.0;28;Rössle Sauerkraut;3010;A;"359%";Одноразовый хит
1997.0;5.0;28;Rössle Sauerkraut;319;C;-89%;Одноразовый хит
1997.0;8.0;28;Rössle Sauerkraut;2052;A;"543%";Волатильный товар
1997.0;10.0;28;Rössle Sauerkraut;2736;A;"33%";Волатильный товар
1997.0;11.0;28;Rössle Sauerkraut;1140;A;-58%;Одноразовый хит
1997.0;12.0;28;Rössle Sauerkraut;1094;B;-4%;Товар без спроса
1998.0;2.0;28;Rössle Sauerkraut;137;C;-88%;Одноразовый хит
1998.0;3.0;28;Rössle Sauerkraut;2736;A;"1900%";Волатильный товар
1998.0;4.0;28;Rössle Sauerkraut;4104;A;"50%";Волатильный товар
1998.0;5.0;28;Rössle Sauerkraut;365;B;-91%;Одноразовый хит
1996.0;7.0;29;Thüringer Rostbratwurst;990;A;"0%";Волатильный товар
1996.0;8.0;29;Thüringer Rostbratwurst;1485;A;"50%";Якорный товар
1996.0;9.0;29;Thüringer Rostbratwurst;2475;A;"67%";Якорный товар
1996.0;11.0;29;Thüringer Rostbratwurst;3861;A;"56%";Волатильный товар
1996.0;12.0;29;Thüringer Rostbratwurst;3366;A;-13%;Одноразовый хит
1997.0;1.0;29;Thüringer Rostbratwurst;2079;A;-38%;Одноразовый хит
1997.0;2.0;29;Thüringer Rostbratwurst;2376;A;"14%";Одноразовый хит
1997.0;3.0;29;Thüringer Rostbratwurst;1782;A;-25%;Одноразовый хит
1997.0;4.0;29;Thüringer Rostbratwurst;4456;A;"150%";Одноразовый хит
1997.0;6.0;29;Thüringer Rostbratwurst;1238;A;-72%;Одноразовый хит
1997.0;8.0;29;Thüringer Rostbratwurst;3219;A;"160%";Волатильный товар
1997.0;9.0;29;Thüringer Rostbratwurst;5694;A;"77%";Якорный товар
1997.0;10.0;29;Thüringer Rostbratwurst;6437;A;"13%";Якорный товар
1997.0;12.0;29;Thüringer Rostbratwurst;8913;A;"38%";Волатильный товар
1998.0;1.0;29;Thüringer Rostbratwurst;2228;A;-75%;Одноразовый хит
1998.0;2.0;29;Thüringer Rostbratwurst;20302;A;"811%";Одноразовый хит
1998.0;3.0;29;Thüringer Rostbratwurst;1733;A;-91%;Одноразовый хит
1998.0;4.0;29;Thüringer Rostbratwurst;15102;A;"771%";Одноразовый хит
1996.0;7.0;30;Nord-Ost Matjeshering;1242;A;"0%";Товар без спроса
1996.0;8.0;30;Nord-Ost Matjeshering;124;C;-90%;Одноразовый хит
1996.0;9.0;30;Nord-Ost Matjeshering;207;C;"67%";Волатильный товар
1996.0;10.0;30;Nord-Ost Matjeshering;1201;A;"480%";Волатильный товар
1996.0;12.0;30;Nord-Ost Matjeshering;373;B;-69%;Одноразовый хит
1997.0;1.0;30;Nord-Ost Matjeshering;373;B;"0%";Волатильный товар
1997.0;2.0;30;Nord-Ost Matjeshering;580;B;"56%";Волатильный товар
1997.0;3.0;30;Nord-Ost Matjeshering;166;C;-71%;Одноразовый хит
1997.0;4.0;30;Nord-Ost Matjeshering;518;B;"213%";Волатильный товар
1997.0;5.0;30;Nord-Ost Matjeshering;906;A;"75%";Волатильный товар
1997.0;6.0;30;Nord-Ost Matjeshering;518;B;-43%;Одноразовый хит
1997.0;8.0;30;Nord-Ost Matjeshering;777;A;"50%";Одноразовый хит
1997.0;9.0;30;Nord-Ost Matjeshering;52;C;-93%;Одноразовый хит
1997.0;10.0;30;Nord-Ost Matjeshering;78;C;"50%";Волатильный товар
1997.0;11.0;30;Nord-Ost Matjeshering;1553;A;"1900%";Волатильный товар
1997.0;12.0;30;Nord-Ost Matjeshering;1036;B;-33%;Одноразовый хит
1998.0;1.0;30;Nord-Ost Matjeshering;518;B;-50%;Одноразовый хит
1998.0;2.0;30;Nord-Ost Matjeshering;3262;A;"530%";Одноразовый хит
1998.0;3.0;30;Nord-Ost Matjeshering;803;B;-75%;Одноразовый хит
1998.0;4.0;30;Nord-Ost Matjeshering;388;C;-52%;Товар без спроса
1998.0;5.0;30;Nord-Ost Matjeshering;104;C;-73%;Товар без спроса
1996.0;7.0;31;Gorgonzola Telino;200;C;"0%";Волатильный товар
1996.0;8.0;31;Gorgonzola Telino;550;A;"175%";Якорный товар
1996.0;10.0;31;Gorgonzola Telino;850;B;"55%";Якорный товар
1996.0;11.0;31;Gorgonzola Telino;1200;A;"41%";Якорный товар
1996.0;12.0;31;Gorgonzola Telino;1640;A;"37%";Волатильный товар
1997.0;1.0;31;Gorgonzola Telino;140;C;-91%;Одноразовый хит
1997.0;2.0;31;Gorgonzola Telino;30;C;-79%;Одноразовый хит
1997.0;3.0;31;Gorgonzola Telino;350;B;"1067%";Одноразовый хит
1997.0;4.0;31;Gorgonzola Telino;200;C;-43%;Одноразовый хит
1997.0;5.0;31;Gorgonzola Telino;1688;A;"744%";Волатильный товар
1997.0;6.0;31;Gorgonzola Telino;2138;A;"27%";Волатильный товар
1997.0;9.0;31;Gorgonzola Telino;600;B;-72%;Одноразовый хит
1997.0;10.0;31;Gorgonzola Telino;875;B;"46%";Одноразовый хит
1997.0;11.0;31;Gorgonzola Telino;138;C;-84%;Одноразовый хит
1997.0;12.0;31;Gorgonzola Telino;1862;A;"1255%";Одноразовый хит
1998.0;1.0;31;Gorgonzola Telino;925;B;-50%;Одноразовый хит
1998.0;2.0;31;Gorgonzola Telino;438;C;-53%;Одноразовый хит
1998.0;3.0;31;Gorgonzola Telino;1912;A;"337%";Одноразовый хит
1998.0;4.0;31;Gorgonzola Telino;188;C;-90%;Одноразовый хит
1998.0;5.0;31;Gorgonzola Telino;250;B;"33%";Одноразовый хит
1996.0;7.0;32;Mascarpone Fabioli;154;C;"0%";Волатильный товар
1996.0;9.0;32;Mascarpone Fabioli;1024;A;"567%";Волатильный товар
1996.0;10.0;32;Mascarpone Fabioli;154;C;-85%;Одноразовый хит
1997.0;4.0;32;Mascarpone Fabioli;1600;A;"942%";Одноразовый хит
1997.0;5.0;32;Mascarpone Fabioli;768;B;-52%;Одноразовый хит
1997.0;6.0;32;Mascarpone Fabioli;320;B;-58%;Товар без спроса
1997.0;10.0;32;Mascarpone Fabioli;128;C;-60%;Одноразовый хит
1997.0;11.0;32;Mascarpone Fabioli;320;B;"150%";Волатильный товар
1998.0;1.0;32;Mascarpone Fabioli;640;B;"100%";Волатильный товар
1998.0;2.0;32;Mascarpone Fabioli;192;C;-70%;Одноразовый хит
1998.0;3.0;32;Mascarpone Fabioli;1120;B;"483%";Волатильный товар
1998.0;4.0;32;Mascarpone Fabioli;2720;A;"143%";Волатильный товар
1998.0;5.0;32;Mascarpone Fabioli;32;C;-99%;Одноразовый хит
1996.0;7.0;33;Geitost;170;C;"0%";Товар без спроса
1996.0;8.0;33;Geitost;88;C;-48%;Товар без спроса
1996.0;10.0;33;Geitost;16;C;-82%;Одноразовый хит
1996.0;12.0;33;Geitost;120;C;"650%";Волатильный товар
1997.0;1.0;33;Geitost;238;C;"98%";Волатильный товар
1997.0;2.0;33;Geitost;40;C;-83%;Одноразовый хит
1997.0;3.0;33;Geitost;24;C;-40%;Одноразовый хит
1997.0;4.0;33;Geitost;40;C;"67%";Волатильный товар
1997.0;5.0;33;Geitost;132;C;"231%";Волатильный товар
1997.0;6.0;33;Geitost;85;C;-36%;Одноразовый хит
1997.0;7.0;33;Geitost;35;C;-59%;Одноразовый хит
1997.0;8.0;33;Geitost;50;C;"43%";Волатильный товар
1997.0;9.0;33;Geitost;170;C;"240%";Волатильный товар
1998.0;1.0;33;Geitost;138;C;-19%;Одноразовый хит
1998.0;2.0;33;Geitost;175;C;"27%";Одноразовый хит
1998.0;3.0;33;Geitost;55;C;-69%;Одноразовый хит
1998.0;4.0;33;Geitost;138;C;"150%";Одноразовый хит
1996.0;8.0;34;Sasquatch Ale;224;C;"0%";Товар без спроса
1996.0;9.0;34;Sasquatch Ale;157;C;-30%;Одноразовый хит
1996.0;11.0;34;Sasquatch Ale;515;B;"229%";Одноразовый хит
1996.0;12.0;34;Sasquatch Ale;112;C;-78%;Одноразовый хит
1997.0;2.0;34;Sasquatch Ale;224;C;"100%";Волатильный товар
1997.0;3.0;34;Sasquatch Ale;392;B;"75%";Волатильный товар
1997.0;5.0;34;Sasquatch Ale;140;C;-64%;Одноразовый хит
1997.0;6.0;34;Sasquatch Ale;560;B;"300%";Одноразовый хит
1997.0;10.0;34;Sasquatch Ale;364;C;-35%;Одноразовый хит
1997.0;11.0;34;Sasquatch Ale;420;B;"15%";Одноразовый хит
1997.0;12.0;34;Sasquatch Ale;140;C;-67%;Одноразовый хит
1998.0;2.0;34;Sasquatch Ale;140;C;"0%";Волатильный товар
1998.0;3.0;34;Sasquatch Ale;280;C;"100%";Якорный товар
1998.0;4.0;34;Sasquatch Ale;2520;A;"800%";Волатильный товар
1998.0;5.0;34;Sasquatch Ale;490;A;-81%;Одноразовый хит
1996.0;7.0;35;Steeleye Stout;288;B;"0%";Волатильный товар
1996.0;8.0;35;Steeleye Stout;1498;A;"420%";Волатильный товар
1996.0;10.0;35;Steeleye Stout;1152;A;-23%;Одноразовый хит
1996.0;12.0;35;Steeleye Stout;1008;A;-12%;Одноразовый хит
1997.0;1.0;35;Steeleye Stout;1368;A;"36%";Одноразовый хит
1997.0;2.0;35;Steeleye Stout;115;C;-92%;Одноразовый хит
1997.0;4.0;35;Steeleye Stout;54;C;-53%;Одноразовый хит
1997.0;5.0;35;Steeleye Stout;1008;A;"1767%";Одноразовый хит
1997.0;6.0;35;Steeleye Stout;360;B;-64%;Одноразовый хит
1997.0;7.0;35;Steeleye Stout;972;B;"170%";Одноразовый хит
1997.0;8.0;35;Steeleye Stout;540;B;-44%;Одноразовый хит
1997.0;10.0;35;Steeleye Stout;540;B;"0%";Волатильный товар
1997.0;11.0;35;Steeleye Stout;630;B;"17%";Волатильный товар
1997.0;12.0;35;Steeleye Stout;270;C;-57%;Одноразовый хит
1998.0;1.0;35;Steeleye Stout;1062;A;"293%";Одноразовый хит
1998.0;2.0;35;Steeleye Stout;666;B;-37%;Одноразовый хит
1998.0;3.0;35;Steeleye Stout;900;B;"35%";Волатильный товар
1998.0;4.0;35;Steeleye Stout;2106;A;"134%";Волатильный товар
1996.0;7.0;36;Inlagd Sill;380;B;"0%";Волатильный товар
1996.0;8.0;36;Inlagd Sill;456;B;"20%";Якорный товар
1996.0;9.0;36;Inlagd Sill;790;A;"73%";Якорный товар
1996.0;10.0;36;Inlagd Sill;912;A;"15%";Волатильный товар
1996.0;11.0;36;Inlagd Sill;304;C;-67%;Одноразовый хит
1996.0;12.0;36;Inlagd Sill;91;C;-70%;Товар без спроса
1997.0;1.0;36;Inlagd Sill;76;C;-17%;Одноразовый хит
1997.0;5.0;36;Inlagd Sill;2280;A;"2900%";Одноразовый хит
1997.0;6.0;36;Inlagd Sill;475;B;-79%;Одноразовый хит
1997.0;7.0;36;Inlagd Sill;1444;A;"204%";Одноразовый хит
1997.0;8.0;36;Inlagd Sill;285;C;-80%;Одноразовый хит
1997.0;9.0;36;Inlagd Sill;684;B;"140%";Волатильный товар
1997.0;10.0;36;Inlagd Sill;855;B;"25%";Волатильный товар
1997.0;11.0;36;Inlagd Sill;494;B;-42%;Одноразовый хит
1997.0;12.0;36;Inlagd Sill;570;B;"15%";Волатильный товар
1998.0;1.0;36;Inlagd Sill;950;B;"67%";Волатильный товар
1998.0;2.0;36;Inlagd Sill;380;C;-60%;Одноразовый хит
1998.0;3.0;36;Inlagd Sill;1805;A;"375%";Одноразовый хит
1998.0;4.0;36;Inlagd Sill;1311;B;-27%;Одноразовый хит
1996.0;7.0;37;Gravad lax;21;C;"0%";Волатильный товар
1996.0;10.0;37;Gravad lax;582;B;"2700%";Волатильный товар
1997.0;1.0;37;Gravad lax;208;C;-64%;Одноразовый хит
1997.0;5.0;37;Gravad lax;468;B;"125%";Волатильный товар
1998.0;1.0;37;Gravad lax;1560;A;"233%";Волатильный товар
1998.0;3.0;37;Gravad lax;208;C;-87%;Одноразовый хит
1996.0;10.0;38;Côte de Blaye;4216;A;"0%";Волатильный товар
1996.0;11.0;38;Côte de Blaye;16864;A;"300%";Волатильный товар
1996.0;12.0;38;Côte de Blaye;8432;A;-50%;Одноразовый хит
1997.0;1.0;38;Côte de Blaye;20869;A;"148%";Одноразовый хит
1997.0;3.0;38;Côte de Blaye;6324;A;-70%;Одноразовый хит
1997.0;4.0;38;Côte de Blaye;3952;A;-38%;Одноразовый хит
1997.0;5.0;38;Côte de Blaye;8959;A;"127%";Одноразовый хит
1997.0;7.0;38;Côte de Blaye;3952;A;-56%;Одноразовый хит
1997.0;9.0;38;Côte de Blaye;3952;A;"0%";Волатильный товар
1997.0;12.0;38;Côte de Blaye;3952;A;"0%";Якорный товар
1998.0;1.0;38;Côte de Blaye;18445;A;"367%";Якорный товар
1998.0;2.0;38;Côte de Blaye;26350;A;"43%";Волатильный товар
1998.0;3.0;38;Côte de Blaye;17128;A;-35%;Одноразовый хит
1998.0;4.0;38;Côte de Blaye;6588;A;-62%;Товар без спроса
1996.0;7.0;39;Chartreuse verte;691;A;"0%";Волатильный товар
1996.0;9.0;39;Chartreuse verte;1296;A;"88%";Волатильный товар
1996.0;10.0;39;Chartreuse verte;58;C;-96%;Одноразовый хит
1996.0;11.0;39;Chartreuse verte;1498;A;"2500%";Одноразовый хит
1996.0;12.0;39;Chartreuse verte;288;C;-81%;Одноразовый хит
1997.0;2.0;39;Chartreuse verte;374;B;"30%";Одноразовый хит
1997.0;3.0;39;Chartreuse verte;288;B;-23%;Одноразовый хит
1997.0;4.0;39;Chartreuse verte;180;C;-37%;Товар без спроса
1997.0;6.0;39;Chartreuse verte;180;C;"0%";Товар без спроса
1997.0;7.0;39;Chartreuse verte;90;C;-50%;Одноразовый хит
1997.0;8.0;39;Chartreuse verte;738;A;"720%";Одноразовый хит
1997.0;9.0;39;Chartreuse verte;414;C;-44%;Одноразовый хит
1997.0;12.0;39;Chartreuse verte;2664;A;"543%";Одноразовый хит
1998.0;1.0;39;Chartreuse verte;1062;B;-60%;Одноразовый хит
1998.0;2.0;39;Chartreuse verte;2394;A;"125%";Одноразовый хит
1998.0;3.0;39;Chartreuse verte;540;B;-77%;Одноразовый хит
1998.0;5.0;39;Chartreuse verte;396;B;-27%;Товар без спроса
1996.0;7.0;40;Boston Crab Meat;735;A;"0%";Волатильный товар
1996.0;8.0;40;Boston Crab Meat;1470;A;"100%";Волатильный товар
1996.0;9.0;40;Boston Crab Meat;735;A;-50%;Одноразовый хит
1996.0;11.0;40;Boston Crab Meat;59;C;-92%;Одноразовый хит
1997.0;1.0;40;Boston Crab Meat;764;B;"1200%";Одноразовый хит
1997.0;2.0;40;Boston Crab Meat;294;B;-62%;Одноразовый хит
1997.0;3.0;40;Boston Crab Meat;897;A;"205%";Одноразовый хит
1997.0;4.0;40;Boston Crab Meat;552;B;-38%;Одноразовый хит
1997.0;5.0;40;Boston Crab Meat;644;B;"17%";Волатильный товар
1997.0;6.0;40;Boston Crab Meat;957;A;"49%";Волатильный товар
1997.0;7.0;40;Boston Crab Meat;773;B;-19%;Одноразовый хит
1997.0;8.0;40;Boston Crab Meat;1104;A;"43%";Волатильный товар
1997.0;9.0;40;Boston Crab Meat;2650;A;"140%";Волатильный товар
1997.0;11.0;40;Boston Crab Meat;1822;A;-31%;Одноразовый хит
1997.0;12.0;40;Boston Crab Meat;18;C;-99%;Одноразовый хит
1998.0;1.0;40;Boston Crab Meat;2116;A;"11400%";Одноразовый хит
1998.0;2.0;40;Boston Crab Meat;1895;A;-10%;Одноразовый хит
1998.0;3.0;40;Boston Crab Meat;552;B;-71%;Одноразовый хит
1998.0;4.0;40;Boston Crab Meat;1012;B;"83%";Одноразовый хит
1996.0;7.0;41;Jack's New England Clam Chowder;393;B;"0%";Товар без спроса
1996.0;9.0;41;Jack's New England Clam Chowder;77;C;-80%;Одноразовый хит
1996.0;10.0;41;Jack's New England Clam Chowder;246;C;"220%";Одноразовый хит
1996.0;11.0;41;Jack's New England Clam Chowder;100;C;-59%;Одноразовый хит
1996.0;12.0;41;Jack's New England Clam Chowder;62;C;-38%;Одноразовый хит
1997.0;1.0;41;Jack's New England Clam Chowder;192;C;"212%";Волатильный товар
1997.0;2.0;41;Jack's New England Clam Chowder;231;C;"20%";Якорный товар
1997.0;4.0;41;Jack's New England Clam Chowder;1022;A;"343%";Волатильный товар
1997.0;5.0;41;Jack's New England Clam Chowder;193;C;-81%;Одноразовый хит
1997.0;6.0;41;Jack's New England Clam Chowder;203;C;"5%";Волатильный товар
1997.0;9.0;41;Jack's New England Clam Chowder;1621;A;"700%";Волатильный товар
1997.0;10.0;41;Jack's New England Clam Chowder;521;B;-68%;Одноразовый хит
1997.0;11.0;41;Jack's New England Clam Chowder;454;B;-13%;Одноразовый хит
1997.0;12.0;41;Jack's New England Clam Chowder;714;B;"57%";Одноразовый хит
1998.0;1.0;41;Jack's New England Clam Chowder;502;B;-30%;Одноразовый хит
1998.0;2.0;41;Jack's New England Clam Chowder;473;C;-6%;Товар без спроса
1998.0;3.0;41;Jack's New England Clam Chowder;386;C;-18%;Одноразовый хит
1998.0;4.0;41;Jack's New England Clam Chowder;1090;B;"182%";Одноразовый хит
1998.0;5.0;41;Jack's New England Clam Chowder;618;A;-43%;Одноразовый хит
1996.0;7.0;42;Singaporean Hokkien Fried Mee;98;C;"0%";Товар без спроса
1996.0;9.0;42;Singaporean Hokkien Fried Mee;90;C;-9%;Одноразовый хит
1996.0;10.0;42;Singaporean Hokkien Fried Mee;112;C;"25%";Одноразовый хит
1996.0;11.0;42;Singaporean Hokkien Fried Mee;101;C;-10%;Одноразовый хит
1997.0;1.0;42;Singaporean Hokkien Fried Mee;448;B;"344%";Волатильный товар
1997.0;3.0;42;Singaporean Hokkien Fried Mee;560;B;"25%";Якорный товар
1997.0;4.0;42;Singaporean Hokkien Fried Mee;924;A;"65%";Волатильный товар
1997.0;6.0;42;Singaporean Hokkien Fried Mee;392;B;-58%;Одноразовый хит
1997.0;7.0;42;Singaporean Hokkien Fried Mee;1400;A;"257%";Одноразовый хит
1997.0;8.0;42;Singaporean Hokkien Fried Mee;70;C;-95%;Одноразовый хит
1997.0;9.0;42;Singaporean Hokkien Fried Mee;1344;A;"1820%";Одноразовый хит
1997.0;11.0;42;Singaporean Hokkien Fried Mee;392;B;-71%;Одноразовый хит
1997.0;12.0;42;Singaporean Hokkien Fried Mee;476;C;"21%";Волатильный товар
1998.0;1.0;42;Singaporean Hokkien Fried Mee;868;B;"82%";Волатильный товар
1998.0;2.0;42;Singaporean Hokkien Fried Mee;350;C;-60%;Одноразовый хит
1998.0;3.0;42;Singaporean Hokkien Fried Mee;140;C;-60%;Одноразовый хит
1998.0;4.0;42;Singaporean Hokkien Fried Mee;1568;B;"1020%";Одноразовый хит
1996.0;8.0;43;Ipoh Coffee;1472;A;"0%";Волатильный товар
1996.0;9.0;43;Ipoh Coffee;2061;A;"40%";Волатильный товар
1996.0;10.0;43;Ipoh Coffee;1472;A;-29%;Одноразовый хит
1997.0;2.0;43;Ipoh Coffee;736;A;-50%;Товар без спроса
1997.0;3.0;43;Ipoh Coffee;662;A;-10%;Товар без спроса
1997.0;4.0;43;Ipoh Coffee;690;B;"4%";Волатильный товар
1997.0;5.0;43;Ipoh Coffee;3910;A;"467%";Волатильный товар
1997.0;8.0;43;Ipoh Coffee;920;A;-76%;Одноразовый хит
1997.0;9.0;43;Ipoh Coffee;276;C;-70%;Одноразовый хит
1997.0;10.0;43;Ipoh Coffee;2944;A;"967%";Одноразовый хит
1997.0;12.0;43;Ipoh Coffee;1380;A;-53%;Одноразовый хит
1998.0;1.0;43;Ipoh Coffee;1886;A;"37%";Волатильный товар
1998.0;3.0;43;Ipoh Coffee;2254;A;"20%";Якорный товар
1998.0;4.0;43;Ipoh Coffee;2760;A;"22%";Волатильный товар
1998.0;5.0;43;Ipoh Coffee;1656;A;-40%;Одноразовый хит
1996.0;8.0;44;Gula Malacca;946;A;"0%";Волатильный товар
1996.0;11.0;44;Gula Malacca;1194;A;"26%";Волатильный товар
1997.0;1.0;44;Gula Malacca;620;B;-48%;Одноразовый хит
1997.0;2.0;44;Gula Malacca;1550;A;"150%";Одноразовый хит
1997.0;3.0;44;Gula Malacca;264;B;-83%;Одноразовый хит
1997.0;4.0;44;Gula Malacca;175;C;-34%;Одноразовый хит
1997.0;5.0;44;Gula Malacca;778;B;"344%";Одноразовый хит
1997.0;6.0;44;Gula Malacca;603;B;-22%;Одноразовый хит
1997.0;8.0;44;Gula Malacca;195;C;-68%;Одноразовый хит
1997.0;9.0;44;Gula Malacca;953;A;"390%";Волатильный товар
1997.0;10.0;44;Gula Malacca;1439;A;"51%";Волатильный товар
1997.0;11.0;44;Gula Malacca;311;C;-78%;Одноразовый хит
1997.0;12.0;44;Gula Malacca;195;C;-38%;Одноразовый хит
1998.0;1.0;44;Gula Malacca;311;C;"60%";Волатильный товар
1998.0;3.0;44;Gula Malacca;467;C;"50%";Якорный товар
1998.0;4.0;44;Gula Malacca;525;C;"12%";Волатильный товар
1996.0;12.0;45;Rogede sild;114;C;"0%";Волатильный товар
1997.0;3.0;45;Rogede sild;228;C;"100%";Волатильный товар
1997.0;4.0;45;Rogede sild;200;C;-12%;Одноразовый хит
1997.0;5.0;45;Rogede sild;950;A;"376%";Одноразовый хит
1997.0;8.0;45;Rogede sild;190;C;-80%;Одноразовый хит
1997.0;10.0;45;Rogede sild;1045;A;"450%";Одноразовый хит
1997.0;11.0;45;Rogede sild;798;A;-24%;Одноразовый хит
1997.0;12.0;45;Rogede sild;256;C;-68%;Одноразовый хит
1998.0;1.0;45;Rogede sild;342;C;"33%";Одноразовый хит
1998.0;2.0;45;Rogede sild;142;C;-58%;Одноразовый хит
1998.0;3.0;45;Rogede sild;285;C;"100%";Одноразовый хит
1998.0;4.0;45;Rogede sild;190;C;-33%;Одноразовый хит
1996.0;8.0;46;Spegesild;144;C;"0%";Волатильный товар
1996.0;10.0;46;Spegesild;288;B;"100%";Якорный товар
1996.0;12.0;46;Spegesild;701;B;"143%";Волатильный товар
1997.0;1.0;46;Spegesild;211;C;-70%;Одноразовый хит
1997.0;2.0;46;Spegesild;336;B;"59%";Одноразовый хит
1997.0;3.0;46;Spegesild;48;C;-86%;Одноразовый хит
1997.0;4.0;46;Spegesild;108;C;"125%";Волатильный товар
1997.0;8.0;46;Spegesild;276;C;"156%";Якорный товар
1997.0;9.0;46;Spegesild;1260;A;"357%";Волатильный товар
1997.0;10.0;46;Spegesild;504;B;-60%;Одноразовый хит
1997.0;11.0;46;Spegesild;336;B;-33%;Одноразовый хит
1998.0;1.0;46;Spegesild;420;C;"25%";Одноразовый хит
1998.0;2.0;46;Spegesild;252;C;-40%;Одноразовый хит
1998.0;3.0;46;Spegesild;288;C;"14%";Волатильный товар
1998.0;4.0;46;Spegesild;576;C;"100%";Волатильный товар
1998.0;5.0;46;Spegesild;396;B;-31%;Одноразовый хит
1996.0;10.0;47;Zaanse koeken;122;C;"0%";Волатильный товар
1997.0;1.0;47;Zaanse koeken;646;B;"431%";Волатильный товар
1997.0;3.0;47;Zaanse koeken;228;C;-65%;Одноразовый хит
1997.0;4.0;47;Zaanse koeken;57;C;-75%;Одноразовый хит
1997.0;6.0;47;Zaanse koeken;238;C;"317%";Одноразовый хит
1997.0;7.0;47;Zaanse koeken;142;C;-40%;Одноразовый хит
1997.0;9.0;47;Zaanse koeken;674;B;"373%";Одноразовый хит
1997.0;10.0;47;Zaanse koeken;636;B;-6%;Одноразовый хит
1997.0;11.0;47;Zaanse koeken;285;C;-55%;Товар без спроса
1997.0;12.0;47;Zaanse koeken;285;C;"0%";Волатильный товар
1998.0;1.0;47;Zaanse koeken;380;C;"33%";Волатильный товар
1998.0;2.0;47;Zaanse koeken;200;C;-48%;Одноразовый хит
1998.0;3.0;47;Zaanse koeken;466;C;"133%";Одноразовый хит
1997.0;1.0;48;Chocolade;714;B;"0%";Товар без спроса
1997.0;2.0;48;Chocolade;153;C;-79%;Одноразовый хит
1997.0;4.0;48;Chocolade;191;C;"25%";Одноразовый хит
1997.0;7.0;48;Chocolade;76;C;-60%;Одноразовый хит
1997.0;10.0;48;Chocolade;306;C;"300%";Одноразовый хит
1998.0;1.0;48;Chocolade;102;C;-67%;Одноразовый хит
1996.0;7.0;49;Maxilaku;640;A;"0%";Товар без спроса
1996.0;8.0;49;Maxilaku;240;B;-62%;Одноразовый хит
1996.0;9.0;49;Maxilaku;480;B;"100%";Волатильный товар
1996.0;11.0;49;Maxilaku;560;B;"17%";Якорный товар
1997.0;1.0;49;Maxilaku;960;A;"71%";Волатильный товар
1997.0;2.0;49;Maxilaku;336;B;-65%;Одноразовый хит
1997.0;3.0;49;Maxilaku;384;B;"14%";Волатильный товар
1997.0;4.0;49;Maxilaku;500;B;"30%";Волатильный товар
1997.0;5.0;49;Maxilaku;120;C;-76%;Одноразовый хит
1997.0;7.0;49;Maxilaku;860;B;"617%";Одноразовый хит
1997.0;12.0;49;Maxilaku;80;C;-91%;Одноразовый хит
1998.0;2.0;49;Maxilaku;1740;A;"2075%";Одноразовый хит
1998.0;3.0;49;Maxilaku;1360;A;-22%;Одноразовый хит
1998.0;4.0;49;Maxilaku;1240;B;-9%;Товар без спроса
1996.0;11.0;50;Valkoinen suklaa;195;C;"0%";Волатильный товар
1996.0;12.0;50;Valkoinen suklaa;195;C;"0%";Якорный товар
1997.0;1.0;50;Valkoinen suklaa;520;B;"167%";Волатильный товар
1997.0;3.0;50;Valkoinen suklaa;325;B;-38%;Одноразовый хит
1997.0;8.0;50;Valkoinen suklaa;406;B;"25%";Волатильный товар
1997.0;11.0;50;Valkoinen suklaa;975;A;"140%";Волатильный товар
1998.0;3.0;50;Valkoinen suklaa;536;B;-45%;Одноразовый хит
1998.0;5.0;50;Valkoinen suklaa;358;B;-33%;Товар без спроса
1996.0;7.0;51;Manjimup Dried Apples;3180;A;"0%";Товар без спроса
1996.0;8.0;51;Manjimup Dried Apples;85;C;-97%;Одноразовый хит
1996.0;10.0;51;Manjimup Dried Apples;2035;A;"2300%";Одноразовый хит
1996.0;11.0;51;Manjimup Dried Apples;848;A;-58%;Одноразовый хит
1996.0;12.0;51;Manjimup Dried Apples;763;B;-10%;Одноразовый хит
1997.0;3.0;51;Manjimup Dried Apples;1950;A;"156%";Волатильный товар
1997.0;5.0;51;Manjimup Dried Apples;2862;A;"47%";Якорный товар
1997.0;6.0;51;Manjimup Dried Apples;4929;A;"72%";Волатильный товар
1997.0;8.0;51;Manjimup Dried Apples;795;A;-84%;Одноразовый хит
1997.0;9.0;51;Manjimup Dried Apples;2120;A;"167%";Одноразовый хит
1997.0;10.0;51;Manjimup Dried Apples;1855;A;-12%;Одноразовый хит
1997.0;11.0;51;Manjimup Dried Apples;1590;A;-14%;Одноразовый хит
1997.0;12.0;51;Manjimup Dried Apples;9964;A;"527%";Одноразовый хит
1998.0;1.0;51;Manjimup Dried Apples;689;B;-93%;Одноразовый хит
1998.0;2.0;51;Manjimup Dried Apples;106;C;-85%;Одноразовый хит
1998.0;3.0;51;Manjimup Dried Apples;3922;A;"3600%";Волатильный товар
1998.0;4.0;51;Manjimup Dried Apples;7049;A;"80%";Волатильный товар
1996.0;10.0;52;Filo Mix;157;C;"0%";Товар без спроса
1996.0;12.0;52;Filo Mix;112;C;-29%;Одноразовый хит
1997.0;2.0;52;Filo Mix;196;C;"75%";Одноразовый хит
1997.0;4.0;52;Filo Mix;42;C;-79%;Одноразовый хит
1997.0;6.0;52;Filo Mix;700;B;"1567%";Одноразовый хит
1997.0;7.0;52;Filo Mix;196;C;-72%;Одноразовый хит
1997.0;8.0;52;Filo Mix;35;C;-82%;Одноразовый хит
1997.0;9.0;52;Filo Mix;63;C;"80%";Одноразовый хит
1997.0;10.0;52;Filo Mix;28;C;-56%;Одноразовый хит
1997.0;11.0;52;Filo Mix;721;A;"2475%";Одноразовый хит
1997.0;12.0;52;Filo Mix;161;C;-78%;Одноразовый хит
1998.0;1.0;52;Filo Mix;196;C;"22%";Одноразовый хит
1998.0;2.0;52;Filo Mix;98;C;-50%;Одноразовый хит
1998.0;3.0;52;Filo Mix;441;C;"350%";Одноразовый хит
1998.0;4.0;52;Filo Mix;224;C;-49%;Одноразовый хит
1998.0;5.0;52;Filo Mix;14;C;-94%;Товар без спроса
1996.0;7.0;53;Perth Pasties;393;B;"0%";Волатильный товар
1996.0;8.0;53;Perth Pasties;943;A;"140%";Волатильный товар
1996.0;9.0;53;Perth Pasties;786;A;-17%;Одноразовый хит
1996.0;12.0;53;Perth Pasties;3406;A;"333%";Одноразовый хит
1997.0;1.0;53;Perth Pasties;655;B;-81%;Одноразовый хит
1997.0;2.0;53;Perth Pasties;1703;A;"160%";Одноразовый хит
1997.0;3.0;53;Perth Pasties;734;A;-57%;Одноразовый хит
1997.0;4.0;53;Perth Pasties;689;B;-6%;Одноразовый хит
1997.0;6.0;53;Perth Pasties;1410;A;"105%";Одноразовый хит
1997.0;8.0;53;Perth Pasties;1214;A;-14%;Одноразовый хит
1997.0;9.0;53;Perth Pasties;328;C;-73%;Одноразовый хит
1997.0;10.0;53;Perth Pasties;4034;A;"1130%";Одноразовый хит
1998.0;1.0;53;Perth Pasties;951;B;-76%;Одноразовый хит
1998.0;2.0;53;Perth Pasties;98;C;-90%;Одноразовый хит
1998.0;3.0;53;Perth Pasties;722;B;"633%";Волатильный товар
1998.0;4.0;53;Perth Pasties;2624;A;"264%";Волатильный товар
1998.0;5.0;53;Perth Pasties;820;A;-69%;Одноразовый хит
1996.0;8.0;54;Tourtière;59;C;"0%";Товар без спроса
1996.0;9.0;54;Tourtière;30;C;-50%;Одноразовый хит
1996.0;10.0;54;Tourtière;89;C;"200%";Волатильный товар
1996.0;11.0;54;Tourtière;673;B;"660%";Волатильный товар
1996.0;12.0;54;Tourtière;59;C;-91%;Одноразовый хит
1997.0;1.0;54;Tourtière;271;C;"360%";Волатильный товар
1997.0;2.0;54;Tourtière;596;B;"120%";Волатильный товар
1997.0;3.0;54;Tourtière;142;C;-76%;Одноразовый хит
1997.0;4.0;54;Tourtière;149;C;"5%";Волатильный товар
1997.0;5.0;54;Tourtière;365;B;"145%";Якорный товар
1997.0;7.0;54;Tourtière;402;B;"10%";Волатильный товар
1997.0;8.0;54;Tourtière;223;C;-44%;Одноразовый хит
1997.0;9.0;54;Tourtière;268;C;"20%";Волатильный товар
1997.0;10.0;54;Tourtière;857;B;"219%";Волатильный товар
1997.0;12.0;54;Tourtière;142;C;-83%;Одноразовый хит
1998.0;1.0;54;Tourtière;261;C;"84%";Волатильный товар
1998.0;2.0;54;Tourtière;313;C;"20%";Волатильный товар
1998.0;4.0;54;Tourtière;74;C;-76%;Одноразовый хит
1998.0;5.0;54;Tourtière;149;B;"100%";Одноразовый хит
1996.0;7.0;55;Pâté chinois;403;B;"0%";Товар без спроса
1996.0;8.0;55;Pâté chinois;384;B;-5%;Одноразовый хит
1996.0;10.0;55;Pâté chinois;768;B;"100%";Одноразовый хит
1996.0;11.0;55;Pâté chinois;230;C;-70%;Одноразовый хит
1996.0;12.0;55;Pâté chinois;2592;A;"1025%";Одноразовый хит
1997.0;1.0;55;Pâté chinois;192;C;-93%;Одноразовый хит
1997.0;2.0;55;Pâté chinois;3456;A;"1700%";Одноразовый хит
1997.0;3.0;55;Pâté chinois;614;A;-82%;Одноразовый хит
1997.0;5.0;55;Pâté chinois;336;B;-45%;Одноразовый хит
1997.0;6.0;55;Pâté chinois;1032;A;"207%";Одноразовый хит
1997.0;7.0;55;Pâté chinois;600;B;-42%;Одноразовый хит
1997.0;8.0;55;Pâté chinois;288;C;-52%;Товар без спроса
1997.0;9.0;55;Pâté chinois;96;C;-67%;Одноразовый хит
1997.0;10.0;55;Pâté chinois;648;B;"575%";Одноразовый хит
1997.0;11.0;55;Pâté chinois;288;C;-56%;Одноразовый хит
1997.0;12.0;55;Pâté chinois;1440;A;"400%";Одноразовый хит
1998.0;2.0;55;Pâté chinois;960;B;-33%;Одноразовый хит
1998.0;3.0;55;Pâté chinois;696;B;-28%;Одноразовый хит
1998.0;4.0;55;Pâté chinois;4344;A;"524%";Одноразовый хит
1998.0;5.0;55;Pâté chinois;144;C;-97%;Одноразовый хит
1996.0;7.0;56;Gnocchi di nonna Alice;61;C;"0%";Волатильный товар
1996.0;9.0;56;Gnocchi di nonna Alice;730;A;"1100%";Волатильный товар
1996.0;10.0;56;Gnocchi di nonna Alice;365;B;-50%;Одноразовый хит
1996.0;11.0;56;Gnocchi di nonna Alice;608;B;"67%";Волатильный товар
1996.0;12.0;56;Gnocchi di nonna Alice;1155;A;"90%";Якорный товар
1997.0;1.0;56;Gnocchi di nonna Alice;3192;A;"176%";Волатильный товар
1997.0;2.0;56;Gnocchi di nonna Alice;2523;A;-21%;Одноразовый хит
1997.0;3.0;56;Gnocchi di nonna Alice;1520;A;-40%;Одноразовый хит
1997.0;4.0;56;Gnocchi di nonna Alice;5518;A;"263%";Одноразовый хит
1997.0;5.0;56;Gnocchi di nonna Alice;1140;A;-79%;Одноразовый хит
1997.0;6.0;56;Gnocchi di nonna Alice;3800;A;"233%";Одноразовый хит
1997.0;7.0;56;Gnocchi di nonna Alice;1786;A;-53%;Одноразовый хит
1997.0;8.0;56;Gnocchi di nonna Alice;3040;A;"70%";Одноразовый хит
1997.0;9.0;56;Gnocchi di nonna Alice;2166;A;-29%;Одноразовый хит
1997.0;10.0;56;Gnocchi di nonna Alice;2584;A;"19%";Волатильный товар
1997.0;11.0;56;Gnocchi di nonna Alice;3686;A;"43%";Якорный товар
1997.0;12.0;56;Gnocchi di nonna Alice;3800;A;"3%";Якорный товар
1998.0;1.0;56;Gnocchi di nonna Alice;3952;A;"4%";Волатильный товар
1998.0;2.0;56;Gnocchi di nonna Alice;1406;A;-64%;Товар без спроса
1998.0;3.0;56;Gnocchi di nonna Alice;1140;B;-19%;Товар без спроса
1998.0;4.0;56;Gnocchi di nonna Alice;950;B;-17%;Товар без спроса
1996.0;7.0;57;Ravioli Angelo;1014;A;"0%";Товар без спроса
1996.0;8.0;57;Ravioli Angelo;31;C;-97%;Одноразовый хит
1996.0;10.0;57;Ravioli Angelo;250;C;"700%";Волатильный товар
1996.0;11.0;57;Ravioli Angelo;780;B;"212%";Волатильный товар
1997.0;1.0;57;Ravioli Angelo;312;C;-60%;Одноразовый хит
1997.0;2.0;57;Ravioli Angelo;234;C;-25%;Товар без спроса
1997.0;5.0;57;Ravioli Angelo;98;C;-58%;Одноразовый хит
1997.0;6.0;57;Ravioli Angelo;195;C;"100%";Волатильный товар
1997.0;7.0;57;Ravioli Angelo;390;C;"100%";Якорный товар
1997.0;10.0;57;Ravioli Angelo;780;B;"100%";Волатильный товар
1997.0;11.0;57;Ravioli Angelo;273;C;-65%;Одноразовый хит
1998.0;1.0;57;Ravioli Angelo;1248;A;"357%";Одноразовый хит
1998.0;2.0;57;Ravioli Angelo;390;C;-69%;Одноразовый хит
1998.0;3.0;57;Ravioli Angelo;878;B;"125%";Волатильный товар
1998.0;4.0;57;Ravioli Angelo;936;B;"7%";Волатильный товар
1996.0;9.0;58;Escargots de Bourgogne;318;C;"0%";Волатильный товар
1996.0;10.0;58;Escargots de Bourgogne;318;B;"0%";Якорный товар
1996.0;12.0;58;Escargots de Bourgogne;1007;A;"217%";Волатильный товар
1997.0;5.0;58;Escargots de Bourgogne;265;C;-74%;Одноразовый хит
1997.0;7.0;58;Escargots de Bourgogne;398;B;"50%";Одноразовый хит
1997.0;8.0;58;Escargots de Bourgogne;80;C;-80%;Одноразовый хит
1997.0;9.0;58;Escargots de Bourgogne;1047;A;"1217%";Одноразовый хит
1997.0;10.0;58;Escargots de Bourgogne;556;B;-47%;Одноразовый хит
1998.0;1.0;58;Escargots de Bourgogne;1192;A;"114%";Одноразовый хит
1998.0;2.0;58;Escargots de Bourgogne;556;B;-53%;Одноразовый хит
1998.0;3.0;58;Escargots de Bourgogne;398;C;-29%;Одноразовый хит
1998.0;4.0;58;Escargots de Bourgogne;530;C;"33%";Одноразовый хит
1996.0;7.0;59;Raclette Courdavault;4400;A;"0%";Товар без спроса
1996.0;8.0;59;Raclette Courdavault;924;A;-79%;Одноразовый хит
1996.0;9.0;59;Raclette Courdavault;1760;A;"90%";Волатильный товар
1996.0;10.0;59;Raclette Courdavault;2552;A;"45%";Волатильный товар
1996.0;12.0;59;Raclette Courdavault;528;B;-79%;Одноразовый хит
1997.0;1.0;59;Raclette Courdavault;5060;A;"858%";Одноразовый хит
1997.0;2.0;59;Raclette Courdavault;1584;A;-69%;Одноразовый хит
1997.0;3.0;59;Raclette Courdavault;7128;A;"350%";Одноразовый хит
1997.0;4.0;59;Raclette Courdavault;220;C;-97%;Одноразовый хит
1997.0;5.0;59;Raclette Courdavault;935;A;"325%";Волатильный товар
1997.0;6.0;59;Raclette Courdavault;2860;A;"206%";Якорный товар
1997.0;7.0;59;Raclette Courdavault;4675;A;"63%";Волатильный товар
1997.0;9.0;59;Raclette Courdavault;715;B;-85%;Одноразовый хит
1997.0;10.0;59;Raclette Courdavault;6050;A;"746%";Одноразовый хит
1997.0;11.0;59;Raclette Courdavault;5115;A;-15%;Одноразовый хит
1997.0;12.0;59;Raclette Courdavault;3575;A;-30%;Одноразовый хит
1998.0;1.0;59;Raclette Courdavault;8085;A;"126%";Одноразовый хит
1998.0;2.0;59;Raclette Courdavault;2200;A;-73%;Одноразовый хит
1998.0;3.0;59;Raclette Courdavault;220;C;-90%;Одноразовый хит
1998.0;4.0;59;Raclette Courdavault;17710;A;"7950%";Одноразовый хит
1996.0;7.0;60;Camembert Pierrot;1088;A;"0%";Волатильный товар
1996.0;8.0;60;Camembert Pierrot;2067;A;"90%";Якорный товар
1996.0;11.0;60;Camembert Pierrot;3890;A;"88%";Волатильный товар
1996.0;12.0;60;Camembert Pierrot;3019;A;-22%;Одноразовый хит
1997.0;1.0;60;Camembert Pierrot;1632;A;-46%;Товар без спроса
1997.0;3.0;60;Camembert Pierrot;1632;A;"0%";Волатильный товар
1997.0;4.0;60;Camembert Pierrot;3604;A;"121%";Волатильный товар
1997.0;5.0;60;Camembert Pierrot;1190;A;-67%;Одноразовый хит
1997.0;6.0;60;Camembert Pierrot;816;B;-31%;Одноразовый хит
1997.0;7.0;60;Camembert Pierrot;4250;A;"421%";Одноразовый хит
1997.0;8.0;60;Camembert Pierrot;1020;A;-76%;Одноразовый хит
1997.0;9.0;60;Camembert Pierrot;4590;A;"350%";Одноразовый хит
1997.0;10.0;60;Camembert Pierrot;340;C;-93%;Одноразовый хит
1997.0;11.0;60;Camembert Pierrot;2210;A;"550%";Одноразовый хит
1997.0;12.0;60;Camembert Pierrot;510;B;-77%;Одноразовый хит
1998.0;1.0;60;Camembert Pierrot;5304;A;"940%";Одноразовый хит
1998.0;2.0;60;Camembert Pierrot;3400;A;-36%;Одноразовый хит
1998.0;3.0;60;Camembert Pierrot;3740;A;"10%";Волатильный товар
1998.0;4.0;60;Camembert Pierrot;5916;A;"58%";Волатильный товар
1998.0;5.0;60;Camembert Pierrot;68;C;-99%;Одноразовый хит
1997.0;1.0;61;Sirop d'érable;365;B;"0%";Волатильный товар
1997.0;2.0;61;Sirop d'érable;2622;A;"619%";Волатильный товар
1997.0;4.0;61;Sirop d'érable;1140;A;-57%;Одноразовый хит
1997.0;5.0;61;Sirop d'érable;855;B;-25%;Одноразовый хит
1997.0;7.0;61;Sirop d'érable;3420;A;"300%";Одноразовый хит
1997.0;8.0;61;Sirop d'érable;570;B;-83%;Одноразовый хит
1997.0;10.0;61;Sirop d'érable;428;C;-25%;Одноразовый хит
1997.0;11.0;61;Sirop d'érable;570;B;"33%";Волатильный товар
1997.0;12.0;61;Sirop d'érable;570;B;"0%";Якорный товар
1998.0;1.0;61;Sirop d'érable;855;B;"50%";Якорный товар
1998.0;2.0;61;Sirop d'érable;1425;A;"67%";Волатильный товар
1998.0;3.0;61;Sirop d'érable;855;B;-40%;Одноразовый хит
1998.0;4.0;61;Sirop d'érable;2764;A;"223%";Одноразовый хит
1996.0;7.0;62;Tarte au sucre;591;A;"0%";Волатильный товар
1996.0;8.0;62;Tarte au sucre;2049;A;"247%";Якорный товар
1996.0;9.0;62;Tarte au sucre;4925;A;"140%";Волатильный товар
1996.0;10.0;62;Tarte au sucre;1103;A;-78%;Одноразовый хит
1996.0;12.0;62;Tarte au sucre;1182;A;"7%";Волатильный товар
1997.0;1.0;62;Tarte au sucre;2955;A;"150%";Волатильный товар
1997.0;2.0;62;Tarte au sucre;1379;A;-53%;Одноразовый хит
1997.0;4.0;62;Tarte au sucre;148;C;-89%;Одноразовый хит
1997.0;5.0;62;Tarte au sucre;2958;A;"1900%";Одноразовый хит
1997.0;6.0;62;Tarte au sucre;1725;A;-42%;Одноразовый хит
1997.0;7.0;62;Tarte au sucre;986;A;-43%;Одноразовый хит
1997.0;8.0;62;Tarte au sucre;4683;A;"375%";Одноразовый хит
1997.0;9.0;62;Tarte au sucre;493;B;-89%;Одноразовый хит
1997.0;10.0;62;Tarte au sucre;3352;A;"580%";Одноразовый хит
1997.0;11.0;62;Tarte au sucre;1923;A;-43%;Одноразовый хит
1997.0;12.0;62;Tarte au sucre;2071;A;"8%";Волатильный товар
1998.0;1.0;62;Tarte au sucre;4979;A;"140%";Волатильный товар
1998.0;2.0;62;Tarte au sucre;3007;A;-40%;Одноразовый хит
1998.0;3.0;62;Tarte au sucre;7691;A;"156%";Одноразовый хит
1998.0;4.0;62;Tarte au sucre;1627;B;-79%;Одноразовый хит
1996.0;8.0;63;Vegie-spread;456;B;"0%";Волатильный товар
1996.0;10.0;63;Vegie-spread;2808;A;"515%";Волатильный товар
1996.0;12.0;63;Vegie-spread;562;B;-80%;Одноразовый хит
1997.0;1.0;63;Vegie-spread;3510;A;"525%";Одноразовый хит
1997.0;6.0;63;Vegie-spread;263;B;-92%;Одноразовый хит
1997.0;7.0;63;Vegie-spread;1054;A;"300%";Одноразовый хит
1997.0;10.0;63;Vegie-spread;878;A;-17%;Одноразовый хит
1997.0;11.0;63;Vegie-spread;395;B;-55%;Одноразовый хит
1997.0;12.0;63;Vegie-spread;1317;A;"233%";Волатильный товар
1998.0;3.0;63;Vegie-spread;4610;A;"250%";Волатильный товар
1998.0;4.0;63;Vegie-spread;1844;A;-60%;Одноразовый хит
1996.0;8.0;64;Wimmers gute Semmelknödel;239;B;"0%";Волатильный товар
1996.0;10.0;64;Wimmers gute Semmelknödel;1330;A;"456%";Волатильный товар
1996.0;11.0;64;Wimmers gute Semmelknödel;931;A;-30%;Одноразовый хит
1996.0;12.0;64;Wimmers gute Semmelknödel;798;B;-14%;Товар без спроса
1997.0;1.0;64;Wimmers gute Semmelknödel;186;C;-77%;Одноразовый хит
1997.0;2.0;64;Wimmers gute Semmelknödel;1889;A;"914%";Одноразовый хит
1997.0;3.0;64;Wimmers gute Semmelknödel;1011;A;-46%;Одноразовый хит
1997.0;6.0;64;Wimmers gute Semmelknödel;1796;A;"78%";Одноразовый хит
1997.0;8.0;64;Wimmers gute Semmelknödel;299;C;-83%;Одноразовый хит
1997.0;9.0;64;Wimmers gute Semmelknödel;1430;A;"378%";Одноразовый хит
1997.0;11.0;64;Wimmers gute Semmelknödel;798;A;-44%;Одноразовый хит
1997.0;12.0;64;Wimmers gute Semmelknödel;1164;A;"46%";Волатильный товар
1998.0;1.0;64;Wimmers gute Semmelknödel;3691;A;"217%";Волатильный товар
1998.0;2.0;64;Wimmers gute Semmelknödel;1164;B;-68%;Одноразовый хит
1998.0;3.0;64;Wimmers gute Semmelknödel;399;C;-66%;Одноразовый хит
1998.0;4.0;64;Wimmers gute Semmelknödel;1496;B;"275%";Волатильный товар
1998.0;5.0;64;Wimmers gute Semmelknödel;4389;A;"193%";Волатильный товар
1996.0;7.0;65;Louisiana Fiery Hot Pepper Sauce;588;B;"0%";Товар без спроса
1996.0;9.0;65;Louisiana Fiery Hot Pepper Sauce;504;B;-14%;Одноразовый хит
1996.0;10.0;65;Louisiana Fiery Hot Pepper Sauce;672;B;"33%";Одноразовый хит
1996.0;11.0;65;Louisiana Fiery Hot Pepper Sauce;504;B;-25%;Одноразовый хит
1996.0;12.0;65;Louisiana Fiery Hot Pepper Sauce;336;C;-33%;Товар без спроса
1997.0;1.0;65;Louisiana Fiery Hot Pepper Sauce;336;C;"0%";Волатильный товар
1997.0;2.0;65;Louisiana Fiery Hot Pepper Sauce;1058;A;"215%";Якорный товар
1997.0;4.0;65;Louisiana Fiery Hot Pepper Sauce;1494;A;"41%";Волатильный товар
1997.0;5.0;65;Louisiana Fiery Hot Pepper Sauce;758;B;-49%;Одноразовый хит
1997.0;6.0;65;Louisiana Fiery Hot Pepper Sauce;631;B;-17%;Товар без спроса
1997.0;7.0;65;Louisiana Fiery Hot Pepper Sauce;253;C;-60%;Одноразовый хит
1997.0;8.0;65;Louisiana Fiery Hot Pepper Sauce;442;B;"75%";Волатильный товар
1997.0;9.0;65;Louisiana Fiery Hot Pepper Sauce;779;B;"76%";Якорный товар
1997.0;10.0;65;Louisiana Fiery Hot Pepper Sauce;1368;A;"76%";Волатильный товар
1997.0;11.0;65;Louisiana Fiery Hot Pepper Sauce;1052;A;-23%;Одноразовый хит
1997.0;12.0;65;Louisiana Fiery Hot Pepper Sauce;1726;A;"64%";Одноразовый хит
1998.0;1.0;65;Louisiana Fiery Hot Pepper Sauce;316;C;-82%;Одноразовый хит
1998.0;2.0;65;Louisiana Fiery Hot Pepper Sauce;1347;A;"327%";Одноразовый хит
1998.0;4.0;65;Louisiana Fiery Hot Pepper Sauce;442;C;-67%;Одноразовый хит
1996.0;9.0;66;Louisiana Hot Spiced Okra;408;B;"0%";Волатильный товар
1997.0;2.0;66;Louisiana Hot Spiced Okra;816;A;"100%";Якорный товар
1997.0;3.0;66;Louisiana Hot Spiced Okra;816;A;"0%";Волатильный товар
1997.0;4.0;66;Louisiana Hot Spiced Okra;136;C;-83%;Одноразовый хит
1997.0;5.0;66;Louisiana Hot Spiced Okra;408;B;"200%";Одноразовый хит
1997.0;9.0;66;Louisiana Hot Spiced Okra;68;C;-83%;Одноразовый хит
1997.0;12.0;66;Louisiana Hot Spiced Okra;850;B;"1150%";Одноразовый хит
1998.0;5.0;66;Louisiana Hot Spiced Okra;17;C;-98%;Одноразовый хит
1996.0;8.0;67;Laughing Lumberjack Lager;56;C;"0%";Волатильный товар
1997.0;4.0;67;Laughing Lumberjack Lager;420;B;"650%";Волатильный товар
1997.0;5.0;67;Laughing Lumberjack Lager;98;C;-77%;Одноразовый хит
1997.0;9.0;67;Laughing Lumberjack Lager;350;C;"257%";Одноразовый хит
1997.0;12.0;67;Laughing Lumberjack Lager;42;C;-88%;Одноразовый хит
1998.0;2.0;67;Laughing Lumberjack Lager;420;C;"900%";Волатильный товар
1998.0;3.0;67;Laughing Lumberjack Lager;896;B;"113%";Волатильный товар
1998.0;4.0;67;Laughing Lumberjack Lager;280;C;-69%;Одноразовый хит
1996.0;8.0;68;Scottish Longbreads;30;C;"0%";Волатильный товар
1996.0;9.0;68;Scottish Longbreads;380;B;"1167%";Волатильный товар
1996.0;10.0;68;Scottish Longbreads;240;C;-37%;Одноразовый хит
1996.0;12.0;68;Scottish Longbreads;680;B;"183%";Одноразовый хит
1997.0;1.0;68;Scottish Longbreads;660;B;-3%;Одноразовый хит
1997.0;2.0;68;Scottish Longbreads;210;C;-68%;Одноразовый хит
1997.0;3.0;68;Scottish Longbreads;300;B;"43%";Одноразовый хит
1997.0;4.0;68;Scottish Longbreads;75;C;-75%;Одноразовый хит
1997.0;5.0;68;Scottish Longbreads;688;B;"817%";Одноразовый хит
1997.0;8.0;68;Scottish Longbreads;412;B;-40%;Одноразовый хит
1997.0;9.0;68;Scottish Longbreads;125;C;-70%;Одноразовый хит
1997.0;10.0;68;Scottish Longbreads;1062;A;"750%";Одноразовый хит
1997.0;11.0;68;Scottish Longbreads;75;C;-93%;Одноразовый хит
1997.0;12.0;68;Scottish Longbreads;912;B;"1117%";Одноразовый хит
1998.0;1.0;68;Scottish Longbreads;550;B;-40%;Одноразовый хит
1998.0;2.0;68;Scottish Longbreads;725;B;"32%";Волатильный товар
1998.0;3.0;68;Scottish Longbreads;1000;B;"38%";Волатильный товар
1998.0;4.0;68;Scottish Longbreads;550;C;-45%;Одноразовый хит
1998.0;5.0;68;Scottish Longbreads;688;A;"25%";Одноразовый хит
1996.0;9.0;69;Gudbrandsdalsost;662;A;"0%";Волатильный товар
1996.0;11.0;69;Gudbrandsdalsost;1958;A;"196%";Волатильный товар
1996.0;12.0;69;Gudbrandsdalsost;1670;A;-15%;Одноразовый хит
1997.0;1.0;69;Gudbrandsdalsost;1008;A;-40%;Товар без спроса
1997.0;4.0;69;Gudbrandsdalsost;288;C;-71%;Одноразовый хит
1997.0;5.0;69;Gudbrandsdalsost;1008;A;"250%";Одноразовый хит
1997.0;6.0;69;Gudbrandsdalsost;360;B;-64%;Одноразовый хит
1997.0;7.0;69;Gudbrandsdalsost;3060;A;"750%";Одноразовый хит
1997.0;8.0;69;Gudbrandsdalsost;720;B;-76%;Одноразовый хит
1997.0;9.0;69;Gudbrandsdalsost;1620;A;"125%";Волатильный товар
1997.0;10.0;69;Gudbrandsdalsost;1980;A;"22%";Якорный товар
1997.0;11.0;69;Gudbrandsdalsost;4248;A;"115%";Волатильный товар
1997.0;12.0;69;Gudbrandsdalsost;864;B;-80%;Одноразовый хит
1998.0;2.0;69;Gudbrandsdalsost;1800;A;"108%";Одноразовый хит
1998.0;3.0;69;Gudbrandsdalsost;684;B;-62%;Одноразовый хит
1998.0;4.0;69;Gudbrandsdalsost;2376;A;"247%";Одноразовый хит
1996.0;7.0;70;Outback Lager;492;B;"0%";Волатильный товар
1996.0;9.0;70;Outback Lager;660;A;"34%";Якорный товар
1996.0;12.0;70;Outback Lager;720;B;"9%";Волатильный товар
1997.0;1.0;70;Outback Lager;96;C;-87%;Одноразовый хит
1997.0;2.0;70;Outback Lager;300;B;"212%";Волатильный товар
1997.0;3.0;70;Outback Lager;864;A;"188%";Волатильный товар
1997.0;4.0;70;Outback Lager;300;B;-65%;Одноразовый хит
1997.0;5.0;70;Outback Lager;105;C;-65%;Одноразовый хит
1997.0;7.0;70;Outback Lager;225;C;"114%";Волатильный товар
1997.0;8.0;70;Outback Lager;525;B;"133%";Якорный товар
1997.0;9.0;70;Outback Lager;600;B;"14%";Якорный товар
1997.0;10.0;70;Outback Lager;1740;A;"190%";Волатильный товар
1997.0;11.0;70;Outback Lager;600;B;-66%;Одноразовый хит
1997.0;12.0;70;Outback Lager;525;B;-12%;Одноразовый хит
1998.0;1.0;70;Outback Lager;1440;A;"174%";Одноразовый хит
1998.0;2.0;70;Outback Lager;1245;B;-14%;Одноразовый хит
1998.0;4.0;70;Outback Lager;1035;B;-17%;Товар без спроса
1996.0;8.0;71;Flotemysost;344;B;"0%";Товар без спроса
1996.0;9.0;71;Flotemysost;86;C;-75%;Одноразовый хит
1996.0;10.0;71;Flotemysost;1204;A;"1300%";Одноразовый хит
1996.0;11.0;71;Flotemysost;86;C;-93%;Одноразовый хит
1996.0;12.0;71;Flotemysost;2769;A;"3120%";Одноразовый хит
1997.0;1.0;71;Flotemysost;1290;A;-53%;Одноразовый хит
1997.0;2.0;71;Flotemysost;1410;A;"9%";Товар без спроса
1997.0;3.0;71;Flotemysost;206;C;-85%;Товар без спроса
1997.0;5.0;71;Flotemysost;194;C;-6%;Одноразовый хит
1997.0;7.0;71;Flotemysost;838;B;"333%";Волатильный товар
1997.0;8.0;71;Flotemysost;1398;A;"67%";Волатильный товар
1997.0;9.0;71;Flotemysost;559;B;-60%;Одноразовый хит
1997.0;10.0;71;Flotemysost;2537;A;"354%";Одноразовый хит
1997.0;12.0;71;Flotemysost;602;B;-76%;Одноразовый хит
1998.0;1.0;71;Flotemysost;1182;A;"96%";Волатильный товар
1998.0;2.0;71;Flotemysost;1182;B;"0%";Волатильный товар
1998.0;3.0;71;Flotemysost;752;B;-36%;Одноразовый хит
1998.0;4.0;71;Flotemysost;4236;A;"463%";Одноразовый хит
1996.0;7.0;72;Mozzarella di Giovanni;841;A;"0%";Волатильный товар
1996.0;8.0;72;Mozzarella di Giovanni;945;A;"12%";Волатильный товар
1996.0;9.0;72;Mozzarella di Giovanni;556;B;-41%;Одноразовый хит
1996.0;10.0;72;Mozzarella di Giovanni;2502;A;"350%";Одноразовый хит
1996.0;12.0;72;Mozzarella di Giovanni;2419;A;-3%;Одноразовый хит
1997.0;2.0;72;Mozzarella di Giovanni;1390;A;-43%;Товар без спроса
1997.0;4.0;72;Mozzarella di Giovanni;695;B;-50%;Одноразовый хит
1997.0;5.0;72;Mozzarella di Giovanni;1914;A;"175%";Одноразовый хит
1997.0;6.0;72;Mozzarella di Giovanni;1879;A;-2%;Одноразовый хит
1997.0;7.0;72;Mozzarella di Giovanni;418;B;-78%;Одноразовый хит
1997.0;8.0;72;Mozzarella di Giovanni;2610;A;"525%";Одноразовый хит
1997.0;11.0;72;Mozzarella di Giovanni;1462;A;-44%;Одноразовый хит
1997.0;12.0;72;Mozzarella di Giovanni;1392;A;-5%;Одноразовый хит
1998.0;1.0;72;Mozzarella di Giovanni;1914;A;"38%";Волатильный товар
1998.0;3.0;72;Mozzarella di Giovanni;3515;A;"84%";Волатильный товар
1998.0;4.0;72;Mozzarella di Giovanni;1288;B;-63%;Одноразовый хит
1996.0;8.0;73;Röd Kaviar;300;B;"0%";Товар без спроса
1997.0;1.0;73;Röd Kaviar;240;C;-20%;Товар без спроса
1997.0;3.0;73;Röd Kaviar;240;B;"0%";Волатильный товар
1997.0;5.0;73;Röd Kaviar;495;B;"106%";Волатильный товар
1997.0;6.0;73;Röd Kaviar;45;C;-91%;Одноразовый хит
1997.0;7.0;73;Röd Kaviar;450;B;"900%";Волатильный товар
1997.0;8.0;73;Röd Kaviar;525;B;"17%";Якорный товар
1997.0;9.0;73;Röd Kaviar;750;B;"43%";Якорный товар
1997.0;10.0;73;Röd Kaviar;750;B;"0%";Волатильный товар
1997.0;11.0;73;Röd Kaviar;225;C;-70%;Товар без спроса
1998.0;2.0;73;Röd Kaviar;150;C;-33%;Товар без спроса
1998.0;5.0;73;Röd Kaviar;30;C;-80%;Товар без спроса
1996.0;7.0;74;Longlife Tofu;456;B;"0%";Волатильный товар
1996.0;12.0;74;Longlife Tofu;672;B;"47%";Волатильный товар
1997.0;1.0;74;Longlife Tofu;120;C;-82%;Одноразовый хит
1997.0;2.0;74;Longlife Tofu;240;C;"100%";Одноразовый хит
1997.0;3.0;74;Longlife Tofu;128;C;-47%;Одноразовый хит
1997.0;11.0;74;Longlife Tofu;50;C;-61%;Одноразовый хит
1997.0;12.0;74;Longlife Tofu;500;C;"900%";Одноразовый хит
1998.0;1.0;74;Longlife Tofu;200;C;-60%;Одноразовый хит
1998.0;4.0;74;Longlife Tofu;200;C;"0%";Товар без спроса
1996.0;8.0;75;Rhönbräu Klosterbier;260;B;"0%";Товар без спроса
1996.0;9.0;75;Rhönbräu Klosterbier;62;C;-76%;Одноразовый хит
1996.0;10.0;75;Rhönbräu Klosterbier;310;B;"400%";Одноразовый хит
1996.0;11.0;75;Rhönbräu Klosterbier;112;C;-64%;Одноразовый хит
1997.0;2.0;75;Rhönbräu Klosterbier;174;C;"56%";Волатильный товар
1997.0;3.0;75;Rhönbräu Klosterbier;285;B;"64%";Якорный товар
1997.0;4.0;75;Rhönbräu Klosterbier;666;B;"134%";Волатильный товар
1997.0;5.0;75;Rhönbräu Klosterbier;232;C;-65%;Одноразовый хит
1997.0;6.0;75;Rhönbräu Klosterbier;976;A;"320%";Одноразовый хит
1997.0;7.0;75;Rhönbräu Klosterbier;542;B;-44%;Одноразовый хит
1997.0;8.0;75;Rhönbräu Klosterbier;78;C;-86%;Одноразовый хит
1997.0;9.0;75;Rhönbräu Klosterbier;426;B;"450%";Одноразовый хит
1997.0;10.0;75;Rhönbräu Klosterbier;326;C;-24%;Одноразовый хит
1997.0;11.0;75;Rhönbräu Klosterbier;155;C;-52%;Одноразовый хит
1997.0;12.0;75;Rhönbräu Klosterbier;907;B;"485%";Одноразовый хит
1998.0;1.0;75;Rhönbräu Klosterbier;155;C;-83%;Одноразовый хит
1998.0;2.0;75;Rhönbräu Klosterbier;1038;B;"570%";Волатильный товар
1998.0;3.0;75;Rhönbräu Klosterbier;1682;A;"62%";Волатильный товар
1998.0;4.0;75;Rhönbräu Klosterbier;232;C;-86%;Одноразовый хит
1998.0;5.0;75;Rhönbräu Klosterbier;31;C;-87%;Товар без спроса
1996.0;7.0;76;Lakkalikööri;216;C;"0%";Волатильный товар
1996.0;8.0;76;Lakkalikööri;475;B;"120%";Якорный товар
1996.0;10.0;76;Lakkalikööri;734;B;"55%";Волатильный товар
1996.0;11.0;76;Lakkalikööri;173;C;-76%;Одноразовый хит
1996.0;12.0;76;Lakkalikööri;504;B;"192%";Одноразовый хит
1997.0;1.0;76;Lakkalikööri;490;B;-3%;Одноразовый хит
1997.0;2.0;76;Lakkalikööri;259;B;-47%;Одноразовый хит
1997.0;3.0;76;Lakkalikööri;605;A;"133%";Волатильный товар
1997.0;5.0;76;Lakkalikööri;900;A;"49%";Якорный товар
1997.0;6.0;76;Lakkalikööri;1152;A;"28%";Якорный товар
1997.0;7.0;76;Lakkalikööri;1692;A;"47%";Волатильный товар
1997.0;8.0;76;Lakkalikööri;630;B;-63%;Одноразовый хит
1997.0;9.0;76;Lakkalikööri;180;C;-71%;Одноразовый хит
1997.0;10.0;76;Lakkalikööri;900;A;"400%";Волатильный товар
1997.0;11.0;76;Lakkalikööri;900;A;"0%";Якорный товар
1998.0;1.0;76;Lakkalikööri;1638;A;"82%";Волатильный товар
1998.0;2.0;76;Lakkalikööri;180;C;-89%;Одноразовый хит
1998.0;3.0;76;Lakkalikööri;2502;A;"1290%";Волатильный товар
1998.0;4.0;76;Lakkalikööri;2628;A;"5%";Волатильный товар
1998.0;5.0;76;Lakkalikööri;36;C;-99%;Товар без спроса
1996.0;7.0;77;Original Frankfurter grüne Soße;281;B;"0%";Товар без спроса
1996.0;8.0;77;Original Frankfurter grüne Soße;104;C;-63%;Одноразовый хит
1996.0;11.0;77;Original Frankfurter grüne Soße;125;C;"20%";Волатильный товар
1996.0;12.0;77;Original Frankfurter grüne Soße;146;C;"17%";Якорный товар
1997.0;1.0;77;Original Frankfurter grüne Soße;468;B;"221%";Якорный товар
1997.0;2.0;77;Original Frankfurter grüne Soße;572;B;"22%";Волатильный товар
1997.0;3.0;77;Original Frankfurter grüne Soße;385;B;-33%;Одноразовый хит
1997.0;4.0;77;Original Frankfurter grüne Soße;312;B;-19%;Товар без спроса
1997.0;5.0;77;Original Frankfurter grüne Soße;130;C;-58%;Одноразовый хит
1997.0;6.0;77;Original Frankfurter grüne Soße;234;C;"80%";Волатильный товар
1997.0;7.0;77;Original Frankfurter grüne Soße;1105;A;"372%";Волатильный товар
1997.0;8.0;77;Original Frankfurter grüne Soße;455;B;-59%;Одноразовый хит
1997.0;9.0;77;Original Frankfurter grüne Soße;910;A;"100%";Одноразовый хит
1997.0;10.0;77;Original Frankfurter grüne Soße;390;C;-57%;Одноразовый хит
1997.0;11.0;77;Original Frankfurter grüne Soße;26;C;-93%;Одноразовый хит
1997.0;12.0;77;Original Frankfurter grüne Soße;195;C;"650%";Волатильный товар
1998.0;1.0;77;Original Frankfurter grüne Soße;676;B;"247%";Якорный товар
1998.0;2.0;77;Original Frankfurter grüne Soße;845;B;"25%";Якорный товар
1998.0;3.0;77;Original Frankfurter grüne Soße;910;B;"8%";Якорный товар
1998.0;4.0;77;Original Frankfurter grüne Soße;1027;B;"13%";Волатильный товар
1998.0;5.0;77;Original Frankfurter grüne Soße;390;B;-62%;Одноразовый хит
